year,County,Type,Mean
1996,Alameda,2B,152197.777777778
1996,Alameda,3B,226967.361111111
1996,Alameda,4B,279629.166666667
1996,Alameda,A,216557.638888889
1996,Alameda,BT,131594.444444444
1996,Alameda,MSP,205049.316471429
1996,Alameda,MSPSF,141.617232479583
1996,Alameda,MT,200847.222222222
1996,Alameda,MVSF,142.895833333333
1996,Alameda,SF,241027.083333333
1996,Alameda,TT,348667.521367521
1996,Contra Costa,2B,162543.333333333
1996,Contra Costa,3B,218471.957671958
1996,Contra Costa,4B,272754.497354497
1996,Contra Costa,A,242406.060606061
1996,Contra Costa,BT,140020
1996,Contra Costa,MSP,240118.779544693
1996,Contra Costa,MSPSF,131.076167039106
1996,Contra Costa,MT,245179.62962963
1996,Contra Costa,MVSF,128.525252525253
1996,Contra Costa,SF,253089.898989899
1996,Contra Costa,TT,336163.194444444
1996,Marin,2B,216804.166666667
1996,Marin,3B,303887.5
1996,Marin,4B,285166.666666667
1996,Marin,A,300991.666666667
1996,Marin,BT,140612.962962963
1996,Marin,MSP,342551.085561818
1996,Marin,MSPSF,197.278354928474
1996,Marin,MT,245804.166666667
1996,Marin,MVSF,177.625
1996,Marin,SF,283827.777777778
1996,Marin,TT,357934.920634921
1996,Napa,2B,146951.851851852
1996,Napa,3B,191550
1996,Napa,4B,224300
1996,Napa,A,199638.888888889
1996,Napa,BT,147361.111111111
1996,Napa,MSP,169937.5
1996,Napa,MSPSF,118.480758027044
1996,Napa,MT,133000
1996,Napa,MVSF,121.925925925926
1996,Napa,SF,207629.62962963
1996,Napa,TT,224488.888888889
1996,Sacramento,2B,82728.3950617284
1996,Sacramento,3B,123260.683760684
1996,Sacramento,4B,171319.047619048
1996,Sacramento,A,133907.142857143
1996,Sacramento,BT,95466.6666666667
1996,Sacramento,MSP,128323.430547899
1996,Sacramento,MSPSF,83.2508166883013
1996,Sacramento,MT,145771.717171717
1996,Sacramento,MVSF,80.1904761904762
1996,Sacramento,SF,147894.444444444
1996,Sacramento,TT,205457.407407407
1996,San Francisco,2B,253977.777777778
1996,San Francisco,3B,286722.222222222
1996,San Francisco,4B,327155.555555556
1996,San Francisco,A,260933.333333333
1996,San Francisco,BT,150522.222222222
1996,San Francisco,MSP,263666.666666667
1996,San Francisco,MSPSF,209.053711111111
1996,San Francisco,MT,204411.111111111
1996,San Francisco,MVSF,202.777777777778
1996,San Francisco,SF,263266.666666667
1996,San Francisco,TT,305844.444444444
1996,San Mateo,2B,228200.694444444
1996,San Mateo,3B,287181.944444444
1996,San Mateo,4B,363692.361111111
1996,San Mateo,A,286113.194444444
1996,San Mateo,BT,154618.518518519
1996,San Mateo,MSP,330174.534122581
1996,San Mateo,MSPSF,198.384673708929
1996,San Mateo,MT,229479.166666667
1996,San Mateo,MVSF,186.145833333333
1996,San Mateo,SF,295961.805555556
1996,San Mateo,TT,349603.703703704
1997,Alameda,2B,171414.444444444
1997,Alameda,3B,239140.104166667
1997,Alameda,4B,300089.583333333
1997,Alameda,A,228619.270833333
1997,Alameda,BT,137801.5625
1997,Alameda,DV,21.0347727272727
1997,Alameda,IV,71.4677272727273
1997,Alameda,MSP,213161.618052601
1997,Alameda,MSPSF,146.132988997277
1997,Alameda,MT,222423.958333333
1997,Alameda,MVSF,151.28125
1997,Alameda,SF,254790.625
1997,Alameda,TT,374617.948717949
1997,Contra Costa,2B,166186.25
1997,Contra Costa,3B,225928.968253968
1997,Contra Costa,4B,283800.793650794
1997,Contra Costa,A,250215.909090909
1997,Contra Costa,BT,143402.5
1997,Contra Costa,DV,27.5512727272727
1997,Contra Costa,IV,63.0026363636364
1997,Contra Costa,MSP,246931.467505833
1997,Contra Costa,MSPSF,134.664000317964
1997,Contra Costa,MT,252763.052208835
1997,Contra Costa,MVSF,132.814393939394
1997,Contra Costa,SF,262322.348484849
1997,Contra Costa,TT,353335.9375
1997,Marin,2B,250953.125
1997,Marin,3B,326025
1997,Marin,4B,424751.948051948
1997,Marin,A,320484.375
1997,Marin,BT,135048.192771084
1997,Marin,DV,25.2568181818182
1997,Marin,IV,68.9636363636364
1997,Marin,MSP,372972.24963253
1997,Marin,MSPSF,210.725589423774
1997,Marin,MT,257780.208333333
1997,Marin,MVSF,190.822916666667
1997,Marin,SF,357269.791666667
1997,Marin,TT,392312.359550562
1997,Napa,2B,240544.680851064
1997,Napa,3B,203566.666666667
1997,Napa,4B,413076.595744681
1997,Napa,A,214866.666666667
1997,Napa,BT,151987.5
1997,Napa,DV,25.0854545454545
1997,Napa,IV,67.2568181818182
1997,Napa,MSP,179387.5
1997,Napa,MSPSF,124.218541666667
1997,Napa,MT,147451.219512195
1997,Napa,MVSF,134.634146341463
1997,Napa,SF,290144.680851064
1997,Napa,TT,358589.361702128
1997,Sacramento,2B,82807.4074074074
1997,Sacramento,3B,123702.564102564
1997,Sacramento,4B,170442.261904762
1997,Sacramento,A,135989.880952381
1997,Sacramento,BT,95628.3333333333
1997,Sacramento,DV,42.1550649350649
1997,Sacramento,IV,45.5755194805195
1997,Sacramento,MSP,125851.878057595
1997,Sacramento,MSPSF,82.6484358916122
1997,Sacramento,MT,140392.424242424
1997,Sacramento,MVSF,80.2857142857143
1997,Sacramento,SF,149783.333333333
1997,Sacramento,TT,207838.888888889
1997,San Francisco,2B,277241.666666667
1997,San Francisco,3B,312766.666666667
1997,San Francisco,4B,356583.333333333
1997,San Francisco,A,283775
1997,San Francisco,BT,153375
1997,San Francisco,DV,11.0809090909091
1997,San Francisco,IV,84.8681818181818
1997,San Francisco,MSP,286562.5
1997,San Francisco,MSPSF,227.133175
1997,San Francisco,MT,221700
1997,San Francisco,MVSF,220.5
1997,San Francisco,SF,284791.666666667
1997,San Francisco,TT,333333.333333333
1997,San Mateo,2B,246818.229166667
1997,San Mateo,3B,312209.375
1997,San Mateo,4B,418965.625
1997,San Mateo,A,337201.041666667
1997,San Mateo,BT,161795.138888889
1997,San Mateo,DV,11.9518787878788
1997,San Mateo,IV,84.0290909090909
1997,San Mateo,MSP,352182.620764368
1997,San Mateo,MSPSF,213.599647305558
1997,San Mateo,MT,244681.25
1997,San Mateo,MVSF,209.046875
1997,San Mateo,SF,349304.166666667
1997,San Mateo,TT,406622.222222222
1998,Alameda,2B,189932.777777778
1998,Alameda,3B,267451.5625
1998,Alameda,4B,337749.479166667
1998,Alameda,A,256043.229166667
1998,Alameda,BT,151997.916666667
1998,Alameda,DV,9.25838541666667
1998,Alameda,FR,3.28206333333333
1998,Alameda,HF,2.23862739726027
1998,Alameda,IV,87.908125
1998,Alameda,MSP,221734.779324852
1998,Alameda,MSPSF,159.665803364618
1998,Alameda,MT,248255.208333333
1998,Alameda,MVSF,168.848958333333
1998,Alameda,SF,285222.395833333
1998,Alameda,SFG,98.024895212766
1998,Alameda,SFL,2.36080065789474
1998,Alameda,SPY,6.14864895833333
1998,Alameda,TT,419815.384615385
1998,Contra Costa,2B,185023.333333333
1998,Contra Costa,3B,252244.047619048
1998,Contra Costa,4B,317877.380952381
1998,Contra Costa,A,279762.5
1998,Contra Costa,BT,156127.916666667
1998,Contra Costa,DV,11.2966666666667
1998,Contra Costa,FR,6.7581324742268
1998,Contra Costa,HF,3.57556927083333
1998,Contra Costa,IV,84.51375
1998,Contra Costa,MSP,270509.697325103
1998,Contra Costa,MSPSF,147.177344156036
1998,Contra Costa,MT,281050.793650794
1998,Contra Costa,MVSF,148.19696969697
1998,Contra Costa,SF,292915.53030303
1998,Contra Costa,SFG,98.48557375
1998,Contra Costa,SFL,1.97906294117647
1998,Contra Costa,SPY,6.15136958333333
1998,Contra Costa,TT,394676.041666667
1998,Marin,2B,302420.454545455
1998,Marin,3B,367245.454545455
1998,Marin,4B,540922.222222222
1998,Marin,A,361220
1998,Marin,BT,139582.5
1998,Marin,DV,12.302375
1998,Marin,FR,1.78471034482759
1998,Marin,HF,1.33627096774194
1998,Marin,IV,83.768125
1998,Marin,MSP,401288.395683133
1998,Marin,MSPSF,235.280721845338
1998,Marin,MT,271563.333333333
1998,Marin,MVSF,210.766666666667
1998,Marin,SF,453335.555555556
1998,Marin,SFG,97.4528888888889
1998,Marin,SFL,3.28920793650794
1998,Marin,SPY,6.38076458333333
1998,Marin,TT,446078.409090909
1998,Napa,2B,275715.909090909
1998,Napa,3B,217311.363636364
1998,Napa,4B,446495.454545455
1998,Napa,A,232997.826086957
1998,Napa,BT,170119.35483871
1998,Napa,DV,38.1709090909091
1998,Napa,FR,6.82622941176471
1998,Napa,HF,3.09190434782609
1998,Napa,IV,56.7595454545455
1998,Napa,MSP,175455.85576875
1998,Napa,MSPSF,125.572557800388
1998,Napa,MT,210186.363636364
1998,Napa,MVSF,145
1998,Napa,SF,237304.347826087
1998,Napa,SFG,99.44466875
1998,Napa,SFL,0.83663
1998,Napa,SPY,4.16714583333333
1998,Napa,TT,439647.727272727
1998,Sacramento,2B,86557.4074074074
1998,Sacramento,3B,130536.538461538
1998,Sacramento,4B,179582.738095238
1998,Sacramento,A,143177.976190476
1998,Sacramento,BT,100795
1998,Sacramento,DV,17.9627380952381
1998,Sacramento,FR,11.4301837349398
1998,Sacramento,HF,6.92884226190476
1998,Sacramento,IV,73.4660714285714
1998,Sacramento,MSP,131321.471054545
1998,Sacramento,MSPSF,85.6970485867525
1998,Sacramento,MT,147225.757575758
1998,Sacramento,MVSF,84.6785714285714
1998,Sacramento,SF,157904.761904762
1998,Sacramento,SFG,98.5500402439024
1998,Sacramento,SFL,1.89829568965517
1998,Sacramento,SPY,5.628425
1998,Sacramento,TT,223870.422535211
1998,San Francisco,2B,317008.333333333
1998,San Francisco,3B,356933.333333333
1998,San Francisco,4B,404658.333333333
1998,San Francisco,A,323925
1998,San Francisco,BT,176750
1998,San Francisco,DV,4.23583333333333
1998,San Francisco,FR,1.00265
1998,San Francisco,HF,0.688241666666667
1998,San Francisco,IV,94.2941666666667
1998,San Francisco,MSP,326500
1998,San Francisco,MSPSF,261.928233333333
1998,San Francisco,MT,248583.333333333
1998,San Francisco,MVSF,251.416666666667
1998,San Francisco,SF,321033.333333333
1998,San Francisco,SFG,99.804625
1998,San Francisco,SFL,0.195375
1998,San Francisco,SPY,5.474275
1998,San Francisco,TT,385108.333333333
1998,San Mateo,2B,277230.729166667
1998,San Mateo,3B,355225
1998,San Mateo,4B,517465.789473684
1998,San Mateo,A,420227.604166667
1998,San Mateo,BT,181618.055555556
1998,San Mateo,DV,5.61861111111111
1998,San Mateo,FR,2.23631097560976
1998,San Mateo,HF,1.20265
1998,San Mateo,IV,92.1892777777778
1998,San Mateo,MSP,410858.487264535
1998,San Mateo,MSPSF,243.961044307247
1998,San Mateo,MT,274569.791666667
1998,San Mateo,MVSF,247.510416666667
1998,San Mateo,SF,435189.0625
1998,San Mateo,SFG,98.3196302857143
1998,San Mateo,SFL,2.23878083333333
1998,San Mateo,SPY,5.86579722222222
1998,San Mateo,TT,502884.269662921
1999,Alameda,2B,211057.777777778
1999,Alameda,3B,298254.6875
1999,Alameda,4B,379365.104166667
1999,Alameda,A,287947.395833333
1999,Alameda,BT,170233.333333333
1999,Alameda,DV,7.85895833333333
1999,Alameda,FR,2.26275547445255
1999,Alameda,HF,1.44127131147541
1999,Alameda,IV,89.9165625
1999,Alameda,MSP,251939.053084756
1999,Alameda,MSPSF,180.474641270403
1999,Alameda,MT,281146.354166667
1999,Alameda,MVSF,189.473958333333
1999,Alameda,SF,318526.5625
1999,Alameda,SFG,97.2759157068063
1999,Alameda,SFL,2.96749585798817
1999,Alameda,SPY,6.73940260416667
1999,Alameda,TT,471842.307692308
1999,Contra Costa,2B,206954.583333333
1999,Contra Costa,3B,282519.841269841
1999,Contra Costa,4B,357701.587301587
1999,Contra Costa,A,313889.393939394
1999,Contra Costa,BT,173417.916666667
1999,Contra Costa,DV,6.48620833333333
1999,Contra Costa,FR,4.39947318435754
1999,Contra Costa,HF,2.19845084745763
1999,Contra Costa,IV,91.1419166666667
1999,Contra Costa,MSP,294728.65869551
1999,Contra Costa,MSPSF,162.850862998864
1999,Contra Costa,MT,318231.349206349
1999,Contra Costa,MVSF,166.560606060606
1999,Contra Costa,SF,328871.96969697
1999,Contra Costa,SFG,98.6479828451883
1999,Contra Costa,SFL,1.70874034090909
1999,Contra Costa,SPY,6.65329208333333
1999,Contra Costa,TT,445868.75
1999,Marin,2B,386005.208333333
1999,Marin,3B,511601.041666667
1999,Marin,4B,672138.541666667
1999,Marin,A,515134.375
1999,Marin,BT,172033.333333333
1999,Marin,DV,6.43260416666667
1999,Marin,FR,1.35196071428571
1999,Marin,HF,0.90315
1999,Marin,IV,91.43375
1999,Marin,MSP,465732.68999186
1999,Marin,MSPSF,274.048282472404
1999,Marin,MT,330251.041666667
1999,Marin,MVSF,284.59375
1999,Marin,SF,571235.416666667
1999,Marin,SFG,96.7895056179775
1999,Marin,SFL,3.79279166666667
1999,Marin,SPY,6.70140833333333
1999,Marin,TT,606916.666666667
1999,Napa,2B,329237.5
1999,Napa,3B,249106.25
1999,Napa,4B,531041.666666667
1999,Napa,A,260714.583333333
1999,Napa,BT,186933.333333333
1999,Napa,DV,14.0983333333333
1999,Napa,FR,3.32157222222222
1999,Napa,HF,1.83720555555556
1999,Napa,IV,83.2641666666667
1999,Napa,MSP,194370.985672222
1999,Napa,MSPSF,137.144517250318
1999,Napa,MT,243618.75
1999,Napa,MVSF,164.416666666667
1999,Napa,SF,267602.083333333
1999,Napa,SFG,99.1914947368421
1999,Napa,SFL,1.28013333333333
1999,Napa,SPY,4.96665833333333
1999,Napa,TT,517025
1999,Sacramento,2B,91219.4444444444
1999,Sacramento,3B,139117.307692308
1999,Sacramento,4B,194410.714285714
1999,Sacramento,A,153114.285714286
1999,Sacramento,BT,106996.666666667
1999,Sacramento,DV,12.9904761904762
1999,Sacramento,FR,8.59740858895706
1999,Sacramento,HF,5.2077656626506
1999,Sacramento,IV,81.0069642857143
1999,Sacramento,MSP,141702.747840606
1999,Sacramento,MSPSF,91.4756303030303
1999,Sacramento,MT,157243.181818182
1999,Sacramento,MVSF,90.2857142857143
1999,Sacramento,SF,169813.69047619
1999,Sacramento,SFG,98.2947204819277
1999,Sacramento,SFL,2.07644724409449
1999,Sacramento,SPY,6.67963392857143
1999,Sacramento,TT,239184.722222222
1999,San Francisco,2B,362000
1999,San Francisco,3B,412591.666666667
1999,San Francisco,4B,469733.333333333
1999,San Francisco,A,368491.666666667
1999,San Francisco,BT,199783.333333333
1999,San Francisco,DV,4.8975
1999,San Francisco,FR,0.853975
1999,San Francisco,HF,0.339291666666667
1999,San Francisco,IV,93.2258333333333
1999,San Francisco,MSP,372220.833333333
1999,San Francisco,MSPSF,302.299075
1999,San Francisco,MT,284483.333333333
1999,San Francisco,MVSF,292.5
1999,San Francisco,SF,361383.333333333
1999,San Francisco,SFG,99.7789
1999,San Francisco,SFL,0.2211
1999,San Francisco,SPY,5.80869166666667
1999,San Francisco,TT,448308.333333333
1999,San Mateo,2B,320176.041666667
1999,San Mateo,3B,406254.6875
1999,San Mateo,4B,588615.625
1999,San Mateo,A,480255.208333333
1999,San Mateo,BT,209043.75
1999,San Mateo,DV,6.77538888888889
1999,San Mateo,FR,2.04509545454545
1999,San Mateo,HF,0.827201754385965
1999,San Mateo,IV,90.1776111111111
1999,San Mateo,MSP,463979.405325424
1999,San Mateo,MSPSF,277.03409661017
1999,San Mateo,MT,316578.125
1999,San Mateo,MVSF,282.651041666667
1999,San Mateo,SF,496084.375
1999,San Mateo,SFG,98.1022623595506
1999,San Mateo,SFL,2.55065476190476
1999,San Mateo,SPY,6.18728333333333
1999,San Mateo,TT,572629.444444444
2000,Alameda,2B,277123.333333333
2000,Alameda,3B,380213.541666667
2000,Alameda,4B,480102.604166667
2000,Alameda,A,371522.395833333
2000,Alameda,BT,229457.8125
2000,Alameda,DV,0.848541666666667
2000,Alameda,FR,1.82621904761905
2000,Alameda,HF,0.94058152173913
2000,Alameda,IV,98.91171875
2000,Alameda,MSP,320321.122930539
2000,Alameda,MSPSF,227.98825886409
2000,Alameda,MT,361959.375
2000,Alameda,MVSF,243.223958333333
2000,Alameda,SF,400728.125
2000,Alameda,SFG,97.662131147541
2000,Alameda,SFL,2.61148917197452
2000,Alameda,SPY,6.51343020833333
2000,Alameda,TT,597307.692307692
2000,Contra Costa,2B,252151.25
2000,Contra Costa,3B,344611.904761905
2000,Contra Costa,4B,431519.444444444
2000,Contra Costa,A,380593.939393939
2000,Contra Costa,BT,211075.416666667
2000,Contra Costa,DV,2.133875
2000,Contra Costa,FR,3.28921066666667
2000,Contra Costa,HF,1.5306984
2000,Contra Costa,IV,97.206125
2000,Contra Costa,MSP,362058.043161134
2000,Contra Costa,MSPSF,200.538796038525
2000,Contra Costa,MT,379827.380952381
2000,Contra Costa,MVSF,202.083333333333
2000,Contra Costa,SF,398964.393939394
2000,Contra Costa,SFG,98.4406330543933
2000,Contra Costa,SFL,1.92558351648352
2000,Contra Costa,SPY,6.9622925
2000,Contra Costa,TT,530644.791666667
2000,Marin,2B,477197.916666667
2000,Marin,3B,630231.25
2000,Marin,4B,841134.375
2000,Marin,A,639227.083333333
2000,Marin,BT,210290.476190476
2000,Marin,DV,3.38916666666667
2000,Marin,FR,1.36846111111111
2000,Marin,HF,0.744191666666667
2000,Marin,IV,95.4690625
2000,Marin,MSP,584352.079067949
2000,Marin,MSPSF,336.02273774507
2000,Marin,MT,404134.375
2000,Marin,MVSF,353.270833333333
2000,Marin,SF,709330.208333333
2000,Marin,SFG,97.2845674698795
2000,Marin,SFL,3.80501666666667
2000,Marin,SPY,6.09104791666667
2000,Marin,TT,752205.208333333
2000,Napa,2B,388247.916666667
2000,Napa,3B,312981.25
2000,Napa,4B,647637.5
2000,Napa,A,321083.333333333
2000,Napa,BT,228952.777777778
2000,Napa,DV,2.89791666666667
2000,Napa,FR,2.09323125
2000,Napa,HF,1.16971428571429
2000,Napa,IV,96.2575
2000,Napa,MSP,236495.5955875
2000,Napa,MSPSF,156.8873375
2000,Napa,MT,275522.916666667
2000,Napa,MVSF,203.291666666667
2000,Napa,SF,329460.416666667
2000,Napa,SFG,98.904275
2000,Napa,SFL,1.6435875
2000,Napa,SPY,5.64250416666667
2000,Napa,TT,632785.416666667
2000,Sacramento,2B,100765.740740741
2000,Sacramento,3B,156632.051282051
2000,Sacramento,4B,219185.714285714
2000,Sacramento,A,172193.452380952
2000,Sacramento,BT,117777.5
2000,Sacramento,DV,6.29452380952381
2000,Sacramento,FR,6.98947804878049
2000,Sacramento,HF,3.61885279503106
2000,Sacramento,IV,91.2872619047619
2000,Sacramento,MSP,152522.759103571
2000,Sacramento,MSPSF,100.79371547619
2000,Sacramento,MT,175925
2000,Sacramento,MVSF,100.517857142857
2000,Sacramento,SF,191216.071428571
2000,Sacramento,SFG,98.5866351190476
2000,Sacramento,SFL,1.75947338709677
2000,Sacramento,SPY,7.1987119047619
2000,Sacramento,TT,270946.527777778
2000,San Francisco,2B,457866.666666667
2000,San Francisco,3B,533600
2000,San Francisco,4B,600058.333333333
2000,San Francisco,A,469108.333333333
2000,San Francisco,BT,252383.333333333
2000,San Francisco,DV,1.87166666666667
2000,San Francisco,FR,0.484541666666667
2000,San Francisco,HF,0.202583333333333
2000,San Francisco,IV,97.74
2000,San Francisco,MSP,487320.833333333
2000,San Francisco,MSPSF,386.331216666667
2000,San Francisco,MT,361733.333333333
2000,San Francisco,MVSF,375.333333333333
2000,San Francisco,SF,454816.666666667
2000,San Francisco,SFG,99.631875
2000,San Francisco,SFL,0.368125
2000,San Francisco,SPY,5.28721666666667
2000,San Francisco,TT,586091.666666667
2000,San Mateo,2B,409295.3125
2000,San Mateo,3B,550572.395833333
2000,San Mateo,4B,749888.541666667
2000,San Mateo,A,611583.333333333
2000,San Mateo,BT,267566.666666667
2000,San Mateo,DV,0.754944444444444
2000,San Mateo,FR,1.37544864864865
2000,San Mateo,HF,0.496742857142857
2000,San Mateo,IV,98.9707222222222
2000,San Mateo,MSP,586638.075630857
2000,San Mateo,MSPSF,353.009952840909
2000,San Mateo,MT,403870.833333333
2000,San Mateo,MVSF,359.8125
2000,San Mateo,SF,630884.375
2000,San Mateo,SFG,98.423509039548
2000,San Mateo,SFL,2.33609811320755
2000,San Mateo,SPY,5.80580944444444
2000,San Mateo,TT,723710
2001,Alameda,2B,318203.888888889
2001,Alameda,3B,426436.979166667
2001,Alameda,4B,536807.291666667
2001,Alameda,A,416173.958333333
2001,Alameda,BT,267712.5
2001,Alameda,DV,19.13859375
2001,Alameda,FR,1.2360552238806
2001,Alameda,HF,0.510386666666667
2001,Alameda,IV,77.1766145833333
2001,Alameda,MSP,369099.35804908
2001,Alameda,MSPSF,260.966744061664
2001,Alameda,MT,410456.25
2001,Alameda,MVSF,274.942708333333
2001,Alameda,SF,438337.5
2001,Alameda,SFG,95.2639201117318
2001,Alameda,SFL,4.94159707602339
2001,Alameda,SPY,5.615634375
2001,Alameda,TT,665319.254658385
2001,Contra Costa,2B,295376.25
2001,Contra Costa,3B,402366.26984127
2001,Contra Costa,4B,503740.476190476
2001,Contra Costa,A,443676.515151515
2001,Contra Costa,BT,251535.833333333
2001,Contra Costa,DV,9.44508333333333
2001,Contra Costa,FR,1.961575
2001,Contra Costa,HF,0.799785365853659
2001,Contra Costa,IV,88.0979583333333
2001,Contra Costa,MSP,403338.025947303
2001,Contra Costa,MSPSF,230.558357845971
2001,Contra Costa,MT,433415.873015873
2001,Contra Costa,MVSF,237.185606060606
2001,Contra Costa,SF,465200.378787879
2001,Contra Costa,SFG,96.6382848739496
2001,Contra Costa,SFL,3.8503035
2001,Contra Costa,SPY,6.38561458333333
2001,Contra Costa,TT,608638.541666667
2001,Marin,2B,534848.958333333
2001,Marin,3B,694051.041666667
2001,Marin,4B,919884.375
2001,Marin,A,709598.958333333
2001,Marin,BT,234055.952380952
2001,Marin,DV,18.4702083333333
2001,Marin,FR,0.986683333333333
2001,Marin,HF,0.65077
2001,Marin,IV,76.73375
2001,Marin,MSP,584279.549365574
2001,Marin,MSPSF,361.548662534114
2001,Marin,MT,475331.25
2001,Marin,MVSF,391.104166666667
2001,Marin,SF,779448.958333333
2001,Marin,SFG,94.9430422535211
2001,Marin,SFL,6.33509818181818
2001,Marin,SPY,4.90401979166667
2001,Marin,TT,826843.75
2001,Napa,2B,464447.916666667
2001,Napa,3B,371218.75
2001,Napa,4B,798154.166666667
2001,Napa,A,383462.5
2001,Napa,BT,273441.666666667
2001,Napa,DV,4.39291666666667
2001,Napa,FR,1.0713625
2001,Napa,HF,1.02037777777778
2001,Napa,IV,94.4708333333333
2001,Napa,MSP,305457.291666667
2001,Napa,MSPSF,184.684745833333
2001,Napa,MT,307258.333333333
2001,Napa,MVSF,240.625
2001,Napa,SF,393075
2001,Napa,SFG,99.0378916666667
2001,Napa,SFL,1.36211428571429
2001,Napa,SPY,6.34034166666667
2001,Napa,TT,764377.083333333
2001,Sacramento,2B,118852.777777778
2001,Sacramento,3B,185353.846153846
2001,Sacramento,4B,256608.333333333
2001,Sacramento,A,201457.142857143
2001,Sacramento,BT,142547.5
2001,Sacramento,DV,2.25059523809524
2001,Sacramento,FR,3.8529389261745
2001,Sacramento,HF,2.05783767123288
2001,Sacramento,IV,97.1014285714286
2001,Sacramento,MSP,180339.785714286
2001,Sacramento,MSPSF,119.154541071429
2001,Sacramento,MT,206762.878787879
2001,Sacramento,MVSF,118.511904761905
2001,Sacramento,SF,223291.071428571
2001,Sacramento,SFG,98.477905952381
2001,Sacramento,SFL,1.84922170542636
2001,Sacramento,SPY,7.71666964285714
2001,Sacramento,TT,310209.027777778
2001,San Francisco,2B,494950
2001,San Francisco,3B,567316.666666667
2001,San Francisco,4B,620008.333333333
2001,San Francisco,A,506150
2001,San Francisco,BT,293716.666666667
2001,San Francisco,DV,31.7575
2001,San Francisco,FR,0.354663636363636
2001,San Francisco,HF,0.203141666666667
2001,San Francisco,IV,62.6716666666667
2001,San Francisco,MSP,517208.333333333
2001,San Francisco,MSPSF,407.932066666667
2001,San Francisco,MT,387525
2001,San Francisco,MVSF,402.75
2001,San Francisco,SF,488083.333333333
2001,San Francisco,SFG,99.45845
2001,San Francisco,SFL,0.54155
2001,San Francisco,SPY,4.25233333333333
2001,San Francisco,TT,624333.333333333
2001,San Mateo,2B,433770.833333333
2001,San Mateo,3B,633542.1875
2001,San Mateo,4B,813483.333333333
2001,San Mateo,A,653396.875
2001,San Mateo,BT,295966.666666667
2001,San Mateo,DV,30.4192222222222
2001,San Mateo,FR,1.276352
2001,San Mateo,HF,0.7877125
2001,San Mateo,IV,63.682
2001,San Mateo,MSP,582197.843191667
2001,San Mateo,MSPSF,374.022585857608
2001,San Mateo,MT,436848.4375
2001,San Mateo,MVSF,388.671875
2001,San Mateo,SF,674972.395833333
2001,San Mateo,SFG,95.9031988571429
2001,San Mateo,SFL,4.79209379310345
2001,San Mateo,SPY,4.88126055555556
2001,San Mateo,TT,773178.333333333
2002,Alameda,2B,338772.777777778
2002,Alameda,3B,449368.75
2002,Alameda,4B,560780.208333333
2002,Alameda,A,437882.8125
2002,Alameda,BT,288769.791666667
2002,Alameda,DV,23.8542708333333
2002,Alameda,FR,1.09745465116279
2002,Alameda,HF,0.759163095238095
2002,Alameda,IV,70.895625
2002,Alameda,MSP,390437.058277586
2002,Alameda,MSPSF,278.297016893024
2002,Alameda,MT,434540.625
2002,Alameda,MVSF,291.151041666667
2002,Alameda,SF,459169.791666667
2002,Alameda,SFG,93.685290860215
2002,Alameda,SFL,6.90761071428571
2002,Alameda,SPY,5.69083385416667
2002,Alameda,TT,690127.380952381
2002,Contra Costa,2B,318082.083333333
2002,Contra Costa,3B,428068.650793651
2002,Contra Costa,4B,531080.158730159
2002,Contra Costa,A,470199.242424242
2002,Contra Costa,BT,275518.333333333
2002,Contra Costa,DV,23.9378333333333
2002,Contra Costa,FR,1.41279912280702
2002,Contra Costa,HF,0.717474757281553
2002,Contra Costa,IV,71.6901666666667
2002,Contra Costa,MSP,443875.464792149
2002,Contra Costa,MSPSF,249.817647411195
2002,Contra Costa,MT,463354.761904762
2002,Contra Costa,MVSF,253.193181818182
2002,Contra Costa,SF,491311.742424242
2002,Contra Costa,SFG,96.7154372384937
2002,Contra Costa,SFL,3.57253657407407
2002,Contra Costa,SPY,6.46548416666667
2002,Contra Costa,TT,635180.729166667
2002,Marin,2B,557407.291666667
2002,Marin,3B,720392.708333333
2002,Marin,4B,970117.708333333
2002,Marin,A,730818.75
2002,Marin,BT,247903.571428571
2002,Marin,DV,29.2377083333333
2002,Marin,FR,1.32063529411765
2002,Marin,HF,1.22068823529412
2002,Marin,IV,65.003125
2002,Marin,MSP,665334.78291625
2002,Marin,MSPSF,393.582494562935
2002,Marin,MT,506211.458333333
2002,Marin,MVSF,408.0625
2002,Marin,SF,819382.291666667
2002,Marin,SFG,93.8278712643678
2002,Marin,SFL,6.79321153846154
2002,Marin,SPY,5.19877916666667
2002,Marin,TT,860644.791666667
2002,Napa,2B,490570.833333333
2002,Napa,3B,431625
2002,Napa,4B,933179.166666667
2002,Napa,A,442004.166666667
2002,Napa,BT,330169.444444444
2002,Napa,DV,7.66041666666667
2002,Napa,FR,0.879407692307692
2002,Napa,HF,0.8778125
2002,Napa,IV,90.2545833333333
2002,Napa,MSP,352531.25
2002,Napa,MSPSF,200.9133125
2002,Napa,MT,351391.666666667
2002,Napa,MVSF,282.666666666667
2002,Napa,SF,450850
2002,Napa,SFG,98.1487208333333
2002,Napa,SFL,1.99685
2002,Napa,SPY,10.2081333333333
2002,Napa,TT,843522.916666667
2002,Sacramento,2B,141073.148148148
2002,Sacramento,3B,213703.205128205
2002,Sacramento,4B,294025
2002,Sacramento,A,232075.595238095
2002,Sacramento,BT,167706.666666667
2002,Sacramento,DV,3.10565476190476
2002,Sacramento,FR,2.76385310344828
2002,Sacramento,HF,1.34496714285714
2002,Sacramento,IV,95.6272023809524
2002,Sacramento,MSP,212196.7601
2002,Sacramento,MSPSF,137.169645508982
2002,Sacramento,MT,237145.454545455
2002,Sacramento,MVSF,137.380952380952
2002,Sacramento,SF,257417.261904762
2002,Sacramento,SFG,98.3562077844311
2002,Sacramento,SFL,1.92000215827338
2002,Sacramento,SPY,7.96350476190476
2002,Sacramento,TT,350583.333333333
2002,San Francisco,2B,529733.333333333
2002,San Francisco,3B,593008.333333333
2002,San Francisco,4B,666175
2002,San Francisco,A,539058.333333333
2002,San Francisco,BT,341083.333333333
2002,San Francisco,DV,26.3425
2002,San Francisco,FR,0.448175
2002,San Francisco,HF,0.359366666666667
2002,San Francisco,IV,69.6283333333333
2002,San Francisco,MSP,539558.333333333
2002,San Francisco,MSPSF,439.543016666667
2002,San Francisco,MT,431216.666666667
2002,San Francisco,MVSF,426.833333333333
2002,San Francisco,SF,533066.666666667
2002,San Francisco,SFG,99.2934583333333
2002,San Francisco,SFL,0.706541666666667
2002,San Francisco,SPY,4.44758333333333
2002,San Francisco,TT,636000
2002,San Mateo,2B,439300.520833333
2002,San Mateo,3B,641841.145833333
2002,San Mateo,4B,819326.5625
2002,San Mateo,A,668704.6875
2002,San Mateo,BT,306865.277777778
2002,San Mateo,DV,33.6497777777778
2002,San Mateo,FR,1.31985757575758
2002,San Mateo,HF,0.728378431372549
2002,San Mateo,IV,61.6287777777778
2002,San Mateo,MSP,608805.114560694
2002,San Mateo,MSPSF,381.799461160196
2002,San Mateo,MT,444037.5
2002,San Mateo,MVSF,395.453125
2002,San Mateo,SF,688857.8125
2002,San Mateo,SFG,94.6783401129943
2002,San Mateo,SFL,5.52356568047337
2002,San Mateo,SPY,5.11686666666667
2002,San Mateo,TT,783751.111111111
2003,Alameda,2B,374987.222222222
2003,Alameda,3B,493705.208333333
2003,Alameda,4B,607298.4375
2003,Alameda,A,479831.770833333
2003,Alameda,BT,316014.0625
2003,Alameda,DV,10.5189583333333
2003,Alameda,FR,1.14187849462366
2003,Alameda,HF,0.788888392857143
2003,Alameda,IV,83.3030208333333
2003,Alameda,MSP,419640.938014205
2003,Alameda,MSPSF,301.575581302815
2003,Alameda,MT,473459.375
2003,Alameda,MVSF,318.875
2003,Alameda,SF,503195.833333333
2003,Alameda,SFG,93.2478908602151
2003,Alameda,SFL,7.04078258426966
2003,Alameda,SPY,6.37812395833333
2003,Alameda,TT,740767.261904762
2003,Contra Costa,2B,357120.416666667
2003,Contra Costa,3B,474416.666666667
2003,Contra Costa,4B,582175
2003,Contra Costa,A,517291.287878788
2003,Contra Costa,BT,308475.833333333
2003,Contra Costa,DV,4.0685
2003,Contra Costa,FR,1.30735
2003,Contra Costa,HF,0.761440740740741
2003,Contra Costa,IV,93.0802916666667
2003,Contra Costa,MSP,488813.513640664
2003,Contra Costa,MSPSF,273.927714108683
2003,Contra Costa,MT,510721.031746032
2003,Contra Costa,MVSF,279.05303030303
2003,Contra Costa,SF,539457.196969697
2003,Contra Costa,SFG,96.5438405063291
2003,Contra Costa,SFL,3.67132954545455
2003,Contra Costa,SPY,6.98705125
2003,Contra Costa,TT,684434.375
2003,Marin,2B,589980.208333333
2003,Marin,3B,759913.541666667
2003,Marin,4B,1027502.08333333
2003,Marin,A,777934.375
2003,Marin,BT,266554.761904762
2003,Marin,DV,23.4052083333333
2003,Marin,FR,0.966871428571429
2003,Marin,HF,1.02205789473684
2003,Marin,IV,69.5566666666667
2003,Marin,MSP,692975.241419512
2003,Marin,MSPSF,411.43280537087
2003,Marin,MT,540930.208333333
2003,Marin,MVSF,432.6875
2003,Marin,SF,865275
2003,Marin,SFG,93.8504070588235
2003,Marin,SFL,7.08417916666667
2003,Marin,SPY,5.72910520833333
2003,Marin,TT,911303.125
2003,Napa,2B,396372.916666667
2003,Napa,3B,508897.916666667
2003,Napa,4B,1039987.5
2003,Napa,A,520200
2003,Napa,BT,372311.111111111
2003,Napa,DV,1.29541666666667
2003,Napa,FR,1.4652
2003,Napa,HF,1.02510909090909
2003,Napa,IV,98.185
2003,Napa,MSP,434451.041666667
2003,Napa,MSPSF,240.461483333333
2003,Napa,MT,397554.166666667
2003,Napa,MVSF,327.625
2003,Napa,SF,530591.666666667
2003,Napa,SFG,98.2920458333333
2003,Napa,SFL,2.05159473684211
2003,Napa,SPY,8.11466666666667
2003,Napa,TT,956539.583333333
2003,Sacramento,2B,172735.185185185
2003,Sacramento,3B,254613.461538462
2003,Sacramento,4B,342910.119047619
2003,Sacramento,A,274669.047619048
2003,Sacramento,BT,203526.666666667
2003,Sacramento,DV,1.10214285714286
2003,Sacramento,FR,1.6868856
2003,Sacramento,HF,0.892591428571429
2003,Sacramento,IV,98.27375
2003,Sacramento,MSP,250557.830357143
2003,Sacramento,MSPSF,161.820066666667
2003,Sacramento,MT,279859.848484849
2003,Sacramento,MVSF,163.494047619048
2003,Sacramento,SF,302669.047619048
2003,Sacramento,SFG,98.3730523809524
2003,Sacramento,SFL,1.88048057553957
2003,Sacramento,SPY,8.56161845238095
2003,Sacramento,TT,400531.25
2003,San Francisco,2B,559258.333333333
2003,San Francisco,3B,641341.666666667
2003,San Francisco,4B,723191.666666667
2003,San Francisco,A,577525
2003,San Francisco,BT,382408.333333333
2003,San Francisco,DV,20.0541666666667
2003,San Francisco,FR,0.53735
2003,San Francisco,HF,0.386933333333333
2003,San Francisco,IV,73.4225
2003,San Francisco,MSP,563441.666666667
2003,San Francisco,MSPSF,457.6615
2003,San Francisco,MT,475500
2003,San Francisco,MVSF,455.083333333333
2003,San Francisco,SF,579641.666666667
2003,San Francisco,SFG,98.8249333333333
2003,San Francisco,SFL,1.17506666666667
2003,San Francisco,SPY,4.9681
2003,San Francisco,TT,682233.333333333
2003,San Mateo,2B,461836.458333333
2003,San Mateo,3B,675208.333333333
2003,San Mateo,4B,858643.229166667
2003,San Mateo,A,703480.208333333
2003,San Mateo,BT,317122.916666667
2003,San Mateo,DV,21.4122222222222
2003,San Mateo,FR,1.74712777777778
2003,San Mateo,HF,1.12571025641026
2003,San Mateo,IV,69.9954444444444
2003,San Mateo,MSP,633616.758111429
2003,San Mateo,MSPSF,403.027583019447
2003,San Mateo,MT,468769.270833333
2003,San Mateo,MVSF,416.067708333333
2003,San Mateo,SF,724208.333333333
2003,San Mateo,SFG,94.4001350282486
2003,San Mateo,SFL,6.03808036809816
2003,San Mateo,SPY,5.56684222222222
2003,San Mateo,TT,822180.555555556
2004,Alameda,2B,438918.333333333
2004,Alameda,3B,570041.145833333
2004,Alameda,4B,697622.395833333
2004,Alameda,A,557344.270833333
2004,Alameda,BT,367990.104166667
2004,Alameda,DV,1.85192708333333
2004,Alameda,FR,1.20346206896552
2004,Alameda,HF,0.822270192307692
2004,Alameda,IV,97.133125
2004,Alameda,MSP,492081.233422414
2004,Alameda,MSPSF,346.241672321619
2004,Alameda,MT,555346.875
2004,Alameda,MVSF,369.015625
2004,Alameda,SF,584772.916666667
2004,Alameda,SFG,95.3718251336898
2004,Alameda,SFL,4.92185344827586
2004,Alameda,SPY,7.18760260416667
2004,Alameda,TT,840954.761904762
2004,Contra Costa,2B,417417.5
2004,Contra Costa,3B,552578.174603175
2004,Contra Costa,4B,677834.126984127
2004,Contra Costa,A,602361.742424242
2004,Contra Costa,BT,362071.666666667
2004,Contra Costa,DV,1.40783333333333
2004,Contra Costa,FR,1.24595688073394
2004,Contra Costa,HF,0.707403333333333
2004,Contra Costa,IV,97.6693333333333
2004,Contra Costa,MSP,556249.18295587
2004,Contra Costa,MSPSF,315.909777721694
2004,Contra Costa,MT,597045.634920635
2004,Contra Costa,MVSF,325.511363636364
2004,Contra Costa,SF,627823.863636364
2004,Contra Costa,SFG,97.3104205882353
2004,Contra Costa,SFL,3.02832512077295
2004,Contra Costa,SPY,7.89969708333333
2004,Contra Costa,TT,779770.833333333
2004,Marin,2B,668820.833333333
2004,Marin,3B,865245.833333333
2004,Marin,4B,1139160.41666667
2004,Marin,A,879989.583333333
2004,Marin,BT,304260.714285714
2004,Marin,DV,7.8834375
2004,Marin,FR,1.64225555555556
2004,Marin,HF,1.24103571428571
2004,Marin,IV,89.6470833333333
2004,Marin,MSP,764108.682818293
2004,Marin,MSPSF,460.765702268909
2004,Marin,MT,607397.916666667
2004,Marin,MVSF,485.729166666667
2004,Marin,SF,966883.333333333
2004,Marin,SFG,96.100526744186
2004,Marin,SFL,4.65821449275362
2004,Marin,SPY,6.32152083333333
2004,Marin,TT,1020259.375
2004,Napa,2B,442070.833333333
2004,Napa,3B,574416.666666667
2004,Napa,4B,1197283.33333333
2004,Napa,A,586385.416666667
2004,Napa,BT,437558.333333333
2004,Napa,DV,1.4425
2004,Napa,FR,1.2695
2004,Napa,HF,0.48215
2004,Napa,IV,98.0766666666667
2004,Napa,MSP,521649
2004,Napa,MSPSF,276.072125199746
2004,Napa,MT,457641.666666667
2004,Napa,MVSF,373.229166666667
2004,Napa,SF,597031.25
2004,Napa,SFG,97.5329708333333
2004,Napa,SFL,2.46702916666667
2004,Napa,SPY,9.54516666666667
2004,Napa,TT,1070737.5
2004,Sacramento,2B,211398.148148148
2004,Sacramento,3B,310800
2004,Sacramento,4B,413445.238095238
2004,Sacramento,A,333498.214285714
2004,Sacramento,BT,253360.833333333
2004,Sacramento,DV,0.349345238095238
2004,Sacramento,FR,1.27825128205128
2004,Sacramento,HF,0.533034722222222
2004,Sacramento,IV,99.4849404761905
2004,Sacramento,MSP,307917.395833333
2004,Sacramento,MSPSF,195.698460119048
2004,Sacramento,MT,339027.272727273
2004,Sacramento,MVSF,198.47619047619
2004,Sacramento,SF,368358.928571429
2004,Sacramento,SFG,98.6792029761905
2004,Sacramento,SFL,1.51559929577465
2004,Sacramento,SPY,9.31918273809524
2004,Sacramento,TT,470153.472222222
2004,San Francisco,2B,649700
2004,San Francisco,3B,743058.333333333
2004,San Francisco,4B,826800
2004,San Francisco,A,669291.666666667
2004,San Francisco,BT,445516.666666667
2004,San Francisco,DV,3.89333333333333
2004,San Francisco,FR,0.506108333333333
2004,San Francisco,HF,0.337958333333333
2004,San Francisco,IV,94.7233333333333
2004,San Francisco,MSP,647916.666666667
2004,San Francisco,MSPSF,526.021975
2004,San Francisco,MT,557150
2004,San Francisco,MVSF,530.5
2004,San Francisco,SF,676758.333333333
2004,San Francisco,SFG,98.9528666666667
2004,San Francisco,SFL,1.04713333333333
2004,San Francisco,SPY,6.00485
2004,San Francisco,TT,786908.333333333
2004,San Mateo,2B,540117.1875
2004,San Mateo,3B,790979.166666667
2004,San Mateo,4B,1000686.45833333
2004,San Mateo,A,830975.520833333
2004,San Mateo,BT,364631.25
2004,San Mateo,DV,2.96922222222222
2004,San Mateo,FR,1.29275070422535
2004,San Mateo,HF,0.840219672131148
2004,San Mateo,IV,95.8435555555556
2004,San Mateo,MSP,757875.136506145
2004,San Mateo,MSPSF,460.501834636872
2004,San Mateo,MT,547723.958333333
2004,San Mateo,MVSF,486.223958333333
2004,San Mateo,SF,855252.604166667
2004,San Mateo,SFG,97.2387783333333
2004,San Mateo,SFL,3.19607086092715
2004,San Mateo,SPY,6.45827888888889
2004,San Mateo,TT,966451.111111111
2005,Alameda,2B,521633.888888889
2005,Alameda,3B,678390.104166667
2005,Alameda,4B,822986.458333333
2005,Alameda,A,667149.479166667
2005,Alameda,BT,443276.5625
2005,Alameda,DV,0.834583333333333
2005,Alameda,FR,1.02265
2005,Alameda,HF,0.592251162790698
2005,Alameda,IV,98.6497395833333
2005,Alameda,MSP,582486.809540854
2005,Alameda,MSPSF,409.74775684803
2005,Alameda,MT,657685.416666667
2005,Alameda,MVSF,438.630208333333
2005,Alameda,SF,699618.75
2005,Alameda,SFG,95.6421494623656
2005,Alameda,SFL,4.68392965116279
2005,Alameda,SPY,7.18434479166667
2005,Alameda,TT,975882.738095238
2005,Contra Costa,2B,504617.5
2005,Contra Costa,3B,666327.380952381
2005,Contra Costa,4B,814119.047619048
2005,Contra Costa,A,725625
2005,Contra Costa,BT,441805
2005,Contra Costa,DV,0.620833333333333
2005,Contra Costa,FR,0.876850574712644
2005,Contra Costa,HF,0.636340449438202
2005,Contra Costa,IV,99.0177083333333
2005,Contra Costa,MSP,667762.50934876
2005,Contra Costa,MSPSF,381.713364625744
2005,Contra Costa,MT,723186.111111111
2005,Contra Costa,MVSF,392.856060606061
2005,Contra Costa,SF,755643.560606061
2005,Contra Costa,SFG,97.012212605042
2005,Contra Costa,SFL,3.16071461187215
2005,Contra Costa,SPY,7.75804833333333
2005,Contra Costa,TT,920832.8125
2005,Marin,2B,750662.5
2005,Marin,3B,969513.541666667
2005,Marin,4B,1295626.04166667
2005,Marin,A,983472.916666667
2005,Marin,BT,349848.80952381
2005,Marin,DV,7.07385416666667
2005,Marin,FR,1.38197
2005,Marin,HF,1.5121125
2005,Marin,IV,90.4661458333333
2005,Marin,MSP,916911.957769333
2005,Marin,MSPSF,530.986119364173
2005,Marin,MT,702175
2005,Marin,MVSF,551.635416666667
2005,Marin,SF,1086772.91666667
2005,Marin,SFG,95.9325890243902
2005,Marin,SFL,4.75452089552239
2005,Marin,SPY,6.12333541666667
2005,Marin,TT,1141628.125
2005,Napa,2B,532433.333333333
2005,Napa,3B,682012.5
2005,Napa,4B,1432033.33333333
2005,Napa,A,691435.416666667
2005,Napa,BT,545877.777777778
2005,Napa,DV,0.81625
2005,Napa,FR,0.58118
2005,Napa,HF,0.3962
2005,Napa,IV,98.7175
2005,Napa,MSP,584476.875
2005,Napa,MSPSF,324.393016666667
2005,Napa,MT,549462.5
2005,Napa,MVSF,440.395833333333
2005,Napa,SF,704704.166666667
2005,Napa,SFG,97.1773166666667
2005,Napa,SFL,2.82268333333333
2005,Napa,SPY,10.3121458333333
2005,Napa,TT,1146827.08333333
2005,Sacramento,2B,254190.740740741
2005,Sacramento,3B,375965.384615385
2005,Sacramento,4B,486819.047619048
2005,Sacramento,A,403089.880952381
2005,Sacramento,BT,309527.5
2005,Sacramento,DV,0.83375
2005,Sacramento,FR,0.9045
2005,Sacramento,HF,0.467960416666667
2005,Sacramento,IV,98.59875
2005,Sacramento,MSP,371170.808383234
2005,Sacramento,MSPSF,239.105646706587
2005,Sacramento,MT,408362.121212121
2005,Sacramento,MVSF,240.011904761905
2005,Sacramento,SF,440769.047619048
2005,Sacramento,SFG,98.5876428571429
2005,Sacramento,SFL,1.638985
2005,Sacramento,SPY,9.43113452380952
2005,Sacramento,TT,549904.861111111
2005,San Francisco,2B,745941.666666667
2005,San Francisco,3B,857341.666666667
2005,San Francisco,4B,950058.333333333
2005,San Francisco,A,766333.333333333
2005,San Francisco,BT,493725
2005,San Francisco,DV,6.01333333333333
2005,San Francisco,FR,0.324308333333333
2005,San Francisco,HF,0.196516666666667
2005,San Francisco,IV,91.5016666666667
2005,San Francisco,MSP,746875
2005,San Francisco,MSPSF,630.6078
2005,San Francisco,MT,637666.666666667
2005,San Francisco,MVSF,609.916666666667
2005,San Francisco,SF,779733.333333333
2005,San Francisco,SFG,99.2232166666667
2005,San Francisco,SFL,0.776783333333333
2005,San Francisco,SPY,5.98305
2005,San Francisco,TT,891458.333333333
2005,San Mateo,2B,632864.0625
2005,San Mateo,3B,915102.083333333
2005,San Mateo,4B,1151125
2005,San Mateo,A,960359.375
2005,San Mateo,BT,432962.5
2005,San Mateo,DV,3.01688888888889
2005,San Mateo,FR,1.30196666666667
2005,San Mateo,HF,0.703513953488372
2005,San Mateo,IV,95.571
2005,San Mateo,MSP,872071.073318079
2005,San Mateo,MSPSF,547.257414711277
2005,San Mateo,MT,638243.75
2005,San Mateo,MVSF,565.463541666667
2005,San Mateo,SF,988541.666666667
2005,San Mateo,SFG,96.9324651685393
2005,San Mateo,SFL,3.61485675675676
2005,San Mateo,SPY,6.00339333333333
2005,San Mateo,TT,1114076.66666667
2006,Alameda,2B,537928.333333333
2006,Alameda,3B,690273.4375
2006,Alameda,4B,847059.895833333
2006,Alameda,A,682903.125
2006,Alameda,BT,463287.5
2006,Alameda,DV,36.6656770833333
2006,Alameda,FR,0.999593023255814
2006,Alameda,HF,1.18211588785047
2006,Alameda,IV,53.0183854166667
2006,Alameda,MSP,603797.451816571
2006,Alameda,MSPSF,432.50168784556
2006,Alameda,MT,675140.104166667
2006,Alameda,MVSF,451.875
2006,Alameda,SF,717925
2006,Alameda,SFG,95.0314467032967
2006,Alameda,SFL,5.31136094674556
2006,Alameda,SPY,6.02898333333333
2006,Alameda,TT,997182.738095238
2006,Contra Costa,2B,515840
2006,Contra Costa,3B,683193.253968254
2006,Contra Costa,4B,838592.46031746
2006,Contra Costa,A,746428.787878788
2006,Contra Costa,BT,457567.916666667
2006,Contra Costa,DV,49.1185
2006,Contra Costa,FR,1.32082765957447
2006,Contra Costa,HF,1.59812058823529
2006,Contra Costa,IV,42.654375
2006,Contra Costa,MSP,685102.813631602
2006,Contra Costa,MSPSF,394.064371404915
2006,Contra Costa,MT,740797.619047619
2006,Contra Costa,MVSF,404.393939393939
2006,Contra Costa,SF,777294.318181818
2006,Contra Costa,SFG,97.0032832618026
2006,Contra Costa,SFL,3.59382580645161
2006,Contra Costa,SPY,6.73378875
2006,Contra Costa,TT,948764.0625
2006,Marin,2B,762433.333333333
2006,Marin,3B,992153.125
2006,Marin,4B,1322230.20833333
2006,Marin,A,1010508.33333333
2006,Marin,BT,360094.047619048
2006,Marin,DV,41.0248958333333
2006,Marin,FR,2.42728333333333
2006,Marin,HF,1.13329130434783
2006,Marin,IV,50.0651041666667
2006,Marin,MSP,925565.100237288
2006,Marin,MSPSF,548.363256415082
2006,Marin,MT,729033.333333333
2006,Marin,MVSF,564.4375
2006,Marin,SF,1120925
2006,Marin,SFG,96.0827623188406
2006,Marin,SFL,4.94321923076923
2006,Marin,SPY,5.02763958333333
2006,Marin,TT,1172991.66666667
2006,Napa,2B,539252.083333333
2006,Napa,3B,687333.333333333
2006,Napa,4B,1462435.41666667
2006,Napa,A,694070.833333333
2006,Napa,BT,532836.111111111
2006,Napa,DV,38.0454166666667
2006,Napa,FR,1.08024
2006,Napa,HF,1.09928571428571
2006,Napa,IV,53.5483333333333
2006,Napa,MSP,586959.041666667
2006,Napa,MSPSF,340.7123125
2006,Napa,MT,541075
2006,Napa,MVSF,441.25
2006,Napa,SF,715666.666666667
2006,Napa,SFG,94.9152458333333
2006,Napa,SFL,5.08475416666667
2006,Napa,SPY,7.86792916666667
2006,Napa,TT,867277.083333333
2006,Sacramento,2B,253661.111111111
2006,Sacramento,3B,374751.923076923
2006,Sacramento,4B,490113.095238095
2006,Sacramento,A,401986.904761905
2006,Sacramento,BT,310140
2006,Sacramento,DV,60.853630952381
2006,Sacramento,FR,1.53685757575758
2006,Sacramento,HF,2.58151756756757
2006,Sacramento,IV,31.3814285714286
2006,Sacramento,MSP,377883.924996364
2006,Sacramento,MSPSF,237.543666060606
2006,Sacramento,MT,406825
2006,Sacramento,MVSF,239.10119047619
2006,Sacramento,SF,443105.357142857
2006,Sacramento,SFG,96.6150680722892
2006,Sacramento,SFL,3.82
2006,Sacramento,SPY,7.3315630952381
2006,Sacramento,TT,562435.416666667
2006,San Francisco,2B,755758.333333333
2006,San Francisco,3B,853675
2006,San Francisco,4B,954458.333333333
2006,San Francisco,A,775033.333333333
2006,San Francisco,BT,522025
2006,San Francisco,DV,47.7441666666667
2006,San Francisco,FR,0.419283333333333
2006,San Francisco,HF,0.467454545454545
2006,San Francisco,IV,42.05
2006,San Francisco,MSP,764875
2006,San Francisco,MSPSF,639.357566666667
2006,San Francisco,MT,663850
2006,San Francisco,MVSF,620.083333333333
2006,San Francisco,SF,783016.666666667
2006,San Francisco,SFG,99.0180583333333
2006,San Francisco,SFL,0.981941666666667
2006,San Francisco,SPY,5.18005833333333
2006,San Francisco,TT,888350
2006,San Mateo,2B,652652.083333333
2006,San Mateo,3B,933852.083333333
2006,San Mateo,4B,1187150
2006,San Mateo,A,980815.625
2006,San Mateo,BT,457189.583333333
2006,San Mateo,DV,36.7096666666667
2006,San Mateo,FR,1.54690454545455
2006,San Mateo,HF,1.16651333333333
2006,San Mateo,IV,50.7995555555556
2006,San Mateo,MSP,853469.713289286
2006,San Mateo,MSPSF,559.847197029154
2006,San Mateo,MT,661872.916666667
2006,San Mateo,MVSF,583.369791666667
2006,San Mateo,SF,1011814.0625
2006,San Mateo,SFG,96.6221091954023
2006,San Mateo,SFL,4.02148510638298
2006,San Mateo,SPY,5.18239888888889
2006,San Mateo,TT,1135056.66666667
2007,Alameda,2B,512087.222222222
2007,Alameda,3B,667007.291666667
2007,Alameda,4B,817882.8125
2007,Alameda,A,656224.479166667
2007,Alameda,BT,436992.708333333
2007,Alameda,DV,80.9666145833333
2007,Alameda,FR,4.26916573426573
2007,Alameda,HF,6.07140301204819
2007,Alameda,IV,11.9788541666667
2007,Alameda,MSP,599501.690509317
2007,Alameda,MSPSF,411.772485805415
2007,Alameda,MT,650378.645833333
2007,Alameda,MVSF,433.598958333333
2007,Alameda,SF,690329.166666667
2007,Alameda,SFG,90.832254494382
2007,Alameda,SFL,9.61771834319527
2007,Alameda,SPY,5.06011197916667
2007,Alameda,TT,979087.5
2007,Contra Costa,2B,479216.666666667
2007,Contra Costa,3B,638612.301587302
2007,Contra Costa,4B,788406.349206349
2007,Contra Costa,A,703087.878787879
2007,Contra Costa,BT,418453.333333333
2007,Contra Costa,DV,89.9363333333333
2007,Contra Costa,FR,6.90407756410256
2007,Contra Costa,HF,8.92183033175355
2007,Contra Costa,IV,6.20604166666667
2007,Contra Costa,MSP,652149.906448571
2007,Contra Costa,MSPSF,367.169431997573
2007,Contra Costa,MT,695778.174603175
2007,Contra Costa,MVSF,377.060606060606
2007,Contra Costa,SF,731490.53030303
2007,Contra Costa,SFG,93.2853274774775
2007,Contra Costa,SFL,7.20999705882353
2007,Contra Costa,SPY,5.43644583333333
2007,Contra Costa,TT,907096.354166667
2007,Marin,2B,741159.375
2007,Marin,3B,986123.958333333
2007,Marin,4B,1331771.875
2007,Marin,A,1006920.83333333
2007,Marin,BT,347004.761904762
2007,Marin,DV,56.8208333333333
2007,Marin,FR,3.37685833333333
2007,Marin,HF,2.4007320754717
2007,Marin,IV,33.9679166666667
2007,Marin,MSP,979828.334227119
2007,Marin,MSPSF,549.12895589597
2007,Marin,MT,711465.625
2007,Marin,MVSF,560.208333333333
2007,Marin,SF,1116041.66666667
2007,Marin,SFG,94.3357348484848
2007,Marin,SFL,6.93507169811321
2007,Marin,SPY,4.371434375
2007,Marin,TT,1184244.79166667
2007,Napa,2B,516168.75
2007,Napa,3B,664237.5
2007,Napa,4B,1414341.66666667
2007,Napa,A,670541.666666667
2007,Napa,BT,508636.111111111
2007,Napa,DV,82.4091666666667
2007,Napa,FR,5.795705
2007,Napa,HF,9.12804347826087
2007,Napa,IV,10.7470833333333
2007,Napa,MSP,572183.210975
2007,Napa,MSPSF,334.208485731708
2007,Napa,MT,512272.916666667
2007,Napa,MVSF,426.854166666667
2007,Napa,SF,691254.166666667
2007,Napa,SFG,93.7042727272727
2007,Napa,SFL,6.55584285714286
2007,Napa,SPY,5.73215
2007,Napa,TT,858289.583333333
2007,Sacramento,2B,225912.962962963
2007,Sacramento,3B,347965.868263473
2007,Sacramento,4B,444720.238095238
2007,Sacramento,A,362010.714285714
2007,Sacramento,BT,267707.5
2007,Sacramento,DV,96.1860714285714
2007,Sacramento,FR,13.9859966666667
2007,Sacramento,HF,14.0882642857143
2007,Sacramento,IV,2.475
2007,Sacramento,MSP,358046.865121233
2007,Sacramento,MSPSF,214.082841188588
2007,Sacramento,MT,365844.696969697
2007,Sacramento,MVSF,212.779761904762
2007,Sacramento,SF,400627.976190476
2007,Sacramento,SFG,91.8687213333333
2007,Sacramento,SFL,8.41415625
2007,Sacramento,SPY,5.5203
2007,Sacramento,TT,523867.361111111
2007,San Francisco,2B,773716.666666667
2007,San Francisco,3B,884716.666666667
2007,San Francisco,4B,1024400
2007,San Francisco,A,803150
2007,San Francisco,BT,517275
2007,San Francisco,DV,30.4041666666667
2007,San Francisco,FR,1.54518333333333
2007,San Francisco,HF,1.9083
2007,San Francisco,IV,59.37
2007,San Francisco,MSP,799062.5
2007,San Francisco,MSPSF,671.337316666667
2007,San Francisco,MT,678508.333333333
2007,San Francisco,MVSF,636.083333333333
2007,San Francisco,SF,817741.666666667
2007,San Francisco,SFG,98.6462083333333
2007,San Francisco,SFL,1.35379166666667
2007,San Francisco,SPY,4.72950833333333
2007,San Francisco,TT,926300
2007,San Mateo,2B,665309.895833333
2007,San Mateo,3B,940890.625
2007,San Mateo,4B,1189164.58333333
2007,San Mateo,A,982663.020833333
2007,San Mateo,BT,458628.472222222
2007,San Mateo,DV,40.9602222222222
2007,San Mateo,FR,4.04843723404255
2007,San Mateo,HF,3.76096220472441
2007,San Mateo,IV,45.0815555555556
2007,San Mateo,MSP,883023.894851219
2007,San Mateo,MSPSF,567.710883914656
2007,San Mateo,MT,676878.125
2007,San Mateo,MVSF,586.864583333333
2007,San Mateo,SF,1011276.5625
2007,San Mateo,SFG,93.8025550295858
2007,San Mateo,SFL,7.13706041666667
2007,San Mateo,SPY,4.59725722222222
2007,San Mateo,TT,1132347.22222222
2008,Alameda,2B,431139.444444444
2008,Alameda,3B,580236.458333333
2008,Alameda,4B,721704.166666667
2008,Alameda,A,566748.958333333
2008,Alameda,BT,354474.479166667
2008,Alameda,DV,97.5380208333333
2008,Alameda,FR,25.3476626506024
2008,Alameda,HF,16.478356284153
2008,Alameda,IV,1.56671875
2008,Alameda,MLP,550899.75
2008,Alameda,MLPSF,353.640216272432
2008,Alameda,MSP,521970.277673154
2008,Alameda,MSPSF,344.660760767931
2008,Alameda,MT,564219.791666667
2008,Alameda,MVSF,370.333333333333
2008,Alameda,SF,599142.1875
2008,Alameda,SFG,81.645736746988
2008,Alameda,SFL,18.4655012121212
2008,Alameda,SLPR,0.960586486486486
2008,Alameda,SPY,4.28667291666667
2008,Alameda,TT,884563.690476191
2008,Contra Costa,2B,401310.833333333
2008,Contra Costa,3B,532992.46031746
2008,Contra Costa,4B,671317.063492064
2008,Contra Costa,A,593509.848484849
2008,Contra Costa,BT,325162.083333333
2008,Contra Costa,DV,98.8036666666667
2008,Contra Costa,FR,35.9658940594059
2008,Contra Costa,HF,23.6042275423729
2008,Contra Costa,IV,0.776
2008,Contra Costa,MLP,548981.587301587
2008,Contra Costa,MLPSF,280.448547512147
2008,Contra Costa,MSP,575061.318123889
2008,Contra Costa,MSPSF,301.470553128756
2008,Contra Costa,MT,586236.111111111
2008,Contra Costa,MVSF,314.015151515152
2008,Contra Costa,SF,620667.045454545
2008,Contra Costa,SFG,81.5020242268041
2008,Contra Costa,SFL,19.073675
2008,Contra Costa,SLPR,0.956811428571429
2008,Contra Costa,SPY,5.21755875
2008,Contra Costa,TT,824884.375
2008,Marin,2B,693605.208333333
2008,Marin,3B,921481.25
2008,Marin,4B,1287258.33333333
2008,Marin,A,947792.708333333
2008,Marin,BT,314836.904761905
2008,Marin,DV,76.9691666666667
2008,Marin,FR,12.6460388888889
2008,Marin,HF,5.71005762711864
2008,Marin,IV,17.6329166666667
2008,Marin,MLP,1077331.20833333
2008,Marin,MLPSF,561.373393938939
2008,Marin,MSP,897190.778082609
2008,Marin,MSPSF,508.814207227825
2008,Marin,MT,663063.541666667
2008,Marin,MVSF,530.135416666667
2008,Marin,SF,1059166.66666667
2008,Marin,SFG,85.8870581818182
2008,Marin,SFL,15.0415411764706
2008,Marin,SLPR,0.949983333333333
2008,Marin,SPY,3.46666458333333
2008,Marin,TT,1132914.58333333
2008,Napa,2B,456050
2008,Napa,3B,596952.083333333
2008,Napa,4B,1272758.33333333
2008,Napa,A,602991.666666667
2008,Napa,BT,431313.888888889
2008,Napa,DV,98.3120833333333
2008,Napa,FR,36.9643590909091
2008,Napa,HF,33.8206125
2008,Napa,IV,1.17916666666667
2008,Napa,MLP,565000
2008,Napa,MLPSF,308.65701090064
2008,Napa,MSP,481396.926844444
2008,Napa,MSPSF,264.505103294279
2008,Napa,MT,436916.666666667
2008,Napa,MVSF,372.8125
2008,Napa,SF,618029.166666667
2008,Napa,SFG,86.97075
2008,Napa,SFL,13.02925
2008,Napa,SLPR,0.92774
2008,Napa,SPY,5.60264583333333
2008,Napa,TT,747262.5
2008,Sacramento,2B,179834.259259259
2008,Sacramento,3B,280427.976190476
2008,Sacramento,4B,369086.904761905
2008,Sacramento,A,293397.023809524
2008,Sacramento,BT,201704.166666667
2008,Sacramento,DV,99.3718452380952
2008,Sacramento,FR,50.8153537037037
2008,Sacramento,HF,33.1864434523809
2008,Sacramento,IV,0.431190476190476
2008,Sacramento,MLP,234615.404761905
2008,Sacramento,MLPSF,141.714642546078
2008,Sacramento,MSP,294955.971561789
2008,Sacramento,MSPSF,171.276319150709
2008,Sacramento,MT,295078.787878788
2008,Sacramento,MVSF,170.380952380952
2008,Sacramento,SF,328177.380952381
2008,Sacramento,SFG,78.6236503597122
2008,Sacramento,SFL,21.5089543478261
2008,Sacramento,SLPR,0.977705405405405
2008,Sacramento,SPY,6.07505119047619
2008,Sacramento,TT,452361.805555556
2008,San Francisco,2B,739908.333333333
2008,San Francisco,3B,849808.333333333
2008,San Francisco,4B,995983.333333333
2008,San Francisco,A,765375
2008,San Francisco,BT,476783.333333333
2008,San Francisco,DV,70.8858333333333
2008,San Francisco,FR,5.08328333333333
2008,San Francisco,HF,5.02396666666667
2008,San Francisco,IV,22.6116666666667
2008,San Francisco,MLP,800300
2008,San Francisco,MLPSF,608.832401583973
2008,San Francisco,MSP,761270.833333333
2008,San Francisco,MSPSF,647.136608333333
2008,San Francisco,MT,611250
2008,San Francisco,MVSF,605.333333333333
2008,San Francisco,SF,773033.333333333
2008,San Francisco,SFG,97.5964916666667
2008,San Francisco,SFL,2.40350833333333
2008,San Francisco,SLPR,0.9816
2008,San Francisco,SPY,4.17993333333333
2008,San Francisco,TT,905316.666666667
2008,San Mateo,2B,593414.583333333
2008,San Mateo,3B,864449.479166667
2008,San Mateo,4B,1112021.35416667
2008,San Mateo,A,894988.020833333
2008,San Mateo,BT,394146.527777778
2008,San Mateo,DV,89.5597777777778
2008,San Mateo,FR,16.12491
2008,San Mateo,HF,8.70998414634146
2008,San Mateo,IV,6.75988888888889
2008,San Mateo,MLP,909905.75
2008,San Mateo,MLPSF,501.963025880952
2008,San Mateo,MSP,832517.861662759
2008,San Mateo,MSPSF,518.949467585353
2008,San Mateo,MT,608947.916666667
2008,San Mateo,MVSF,527.770833333333
2008,San Mateo,SF,925838.541666667
2008,San Mateo,SFG,86.2201664516129
2008,San Mateo,SFL,14.555952739726
2008,San Mateo,SLPR,0.964319295958279
2008,San Mateo,SPY,3.73848833333333
2008,San Mateo,TT,1057392.77777778
2009,Alameda,2B,370056.666666667
2009,Alameda,3B,520933.333333333
2009,Alameda,4B,652790.104166667
2009,Alameda,A,505340.625
2009,Alameda,BT,295013.541666667
2009,Alameda,DV,84.11546875
2009,Alameda,FR,32.3381210843374
2009,Alameda,HF,13.8201818681319
2009,Alameda,IV,12.1539583333333
2009,Alameda,MLP,496212.786458333
2009,Alameda,MLPSF,324.490622004835
2009,Alameda,MSP,451776.66638875
2009,Alameda,MSPSF,302.718943971956
2009,Alameda,MT,504998.958333333
2009,Alameda,MVSF,325.989583333333
2009,Alameda,SF,533205.729166667
2009,Alameda,SFG,71.7131464285714
2009,Alameda,SFL,28.2868535714286
2009,Alameda,SLPR,0.983454051982098
2009,Alameda,SPY,4.5453
2009,Alameda,TT,812209.523809524
2009,Contra Costa,2B,350012.083333333
2009,Contra Costa,3B,464536.507936508
2009,Contra Costa,4B,592846.031746032
2009,Contra Costa,A,517560.227272727
2009,Contra Costa,BT,264652.5
2009,Contra Costa,DV,87.2271666666667
2009,Contra Costa,FR,41.377776635514
2009,Contra Costa,HF,17.8029270833333
2009,Contra Costa,IV,9.83625
2009,Contra Costa,MLP,529166.396825397
2009,Contra Costa,MLPSF,258.929101817851
2009,Contra Costa,MSP,461063.358199459
2009,Contra Costa,MSPSF,248.530954368665
2009,Contra Costa,MT,516377.777777778
2009,Contra Costa,MVSF,269.526515151515
2009,Contra Costa,SF,543798.106060606
2009,Contra Costa,SFG,68.9297162436548
2009,Contra Costa,SFL,31.0702837563452
2009,Contra Costa,SLPR,0.979276083393539
2009,Contra Costa,SPY,5.85130333333333
2009,Contra Costa,TT,768249.479166667
2009,Marin,2B,638460.416666667
2009,Marin,3B,854828.125
2009,Marin,4B,1184056.25
2009,Marin,A,866798.958333333
2009,Marin,BT,280726.19047619
2009,Marin,DV,78.07375
2009,Marin,FR,16.8842829787234
2009,Marin,HF,5.31258714285714
2009,Marin,IV,17.6104166666667
2009,Marin,MLP,1017121.875
2009,Marin,MLPSF,524.23707977182
2009,Marin,MSP,725610.40322
2009,Marin,MSPSF,422.066096232275
2009,Marin,MT,587480.208333333
2009,Marin,MVSF,486.666666666667
2009,Marin,SF,967304.166666667
2009,Marin,SFG,76.313593877551
2009,Marin,SFL,24.6943382978723
2009,Marin,SLPR,0.956806607199564
2009,Marin,SPY,3.150728125
2009,Marin,TT,1030059.375
2009,Napa,2B,436983.333333333
2009,Napa,3B,530731.25
2009,Napa,4B,1134593.75
2009,Napa,A,539435.416666667
2009,Napa,BT,344758.333333333
2009,Napa,DV,92.7804166666667
2009,Napa,FR,48.77425
2009,Napa,HF,24.709675
2009,Napa,IV,5.42791666666667
2009,Napa,MLP,593367.916666667
2009,Napa,MLPSF,305.150349741332
2009,Napa,MSP,382780.982905556
2009,Napa,MSPSF,217.013349357264
2009,Napa,MT,384402.083333333
2009,Napa,MVSF,335.5
2009,Napa,SF,553902.083333333
2009,Napa,SFG,72.8949285714286
2009,Napa,SFL,28.460325
2009,Napa,SLPR,0.982354545454545
2009,Napa,SPY,7.0009625
2009,Napa,TT,696939.583333333
2009,Sacramento,2B,147078.703703704
2009,Sacramento,3B,236964.880952381
2009,Sacramento,4B,317942.857142857
2009,Sacramento,A,251450.595238095
2009,Sacramento,BT,155735.833333333
2009,Sacramento,DV,91.772619047619
2009,Sacramento,FR,48.345908125
2009,Sacramento,HF,24.1966172619048
2009,Sacramento,IV,5.93089285714286
2009,Sacramento,MLP,229111.535714286
2009,Sacramento,MLPSF,136.799042152468
2009,Sacramento,MSP,232734.103566434
2009,Sacramento,MSPSF,140.600925318411
2009,Sacramento,MT,252937.121212121
2009,Sacramento,MVSF,142.27380952381
2009,Sacramento,SF,280866.071428571
2009,Sacramento,SFG,65.6463721854305
2009,Sacramento,SFL,34.3536278145695
2009,Sacramento,SLPR,0.983267346938775
2009,Sacramento,SPY,6.7764619047619
2009,Sacramento,TT,402718.75
2009,San Francisco,2B,675466.666666667
2009,San Francisco,3B,789950
2009,San Francisco,4B,921591.666666667
2009,San Francisco,A,699083.333333333
2009,San Francisco,BT,388450
2009,San Francisco,DV,83.4258333333333
2009,San Francisco,FR,9.031925
2009,San Francisco,HF,5.82254166666667
2009,San Francisco,IV,12.3016666666667
2009,San Francisco,MLP,785416.666666667
2009,San Francisco,MLPSF,614.896017760654
2009,San Francisco,MSP,695227.083333333
2009,San Francisco,MSPSF,581.9949
2009,San Francisco,MT,541416.666666667
2009,San Francisco,MVSF,548.083333333333
2009,San Francisco,SF,709266.666666667
2009,San Francisco,SFG,94.5829083333333
2009,San Francisco,SFL,5.41709166666667
2009,San Francisco,SLPR,0.981916666666667
2009,San Francisco,SPY,3.65424166666667
2009,San Francisco,TT,828375
2009,San Mateo,2B,519480.729166667
2009,San Mateo,3B,778498.958333333
2009,San Mateo,4B,1022969.79166667
2009,San Mateo,A,803831.25
2009,San Mateo,BT,328814.583333333
2009,San Mateo,DV,81.9503333333333
2009,San Mateo,FR,21.3614401408451
2009,San Mateo,HF,7.58923017751479
2009,San Mateo,IV,13.0972777777778
2009,San Mateo,MLP,855694.546875
2009,San Mateo,MLPSF,467.827431738156
2009,San Mateo,MSP,720521.00864965
2009,San Mateo,MSPSF,456.523385245939
2009,San Mateo,MT,523506.770833333
2009,San Mateo,MVSF,470.09375
2009,San Mateo,SF,833941.145833333
2009,San Mateo,SFG,79.1014483221476
2009,San Mateo,SFL,21.3078287671233
2009,San Mateo,SLPR,0.976376015041848
2009,San Mateo,SPY,3.60605555555556
2009,San Mateo,TT,980436.111111111
2010,Alameda,2B,367567.222222222
2010,Alameda,3B,521108.333333333
2010,Alameda,4B,654915.625
2010,Alameda,A,504124.479166667
2010,Alameda,BT,287715.104166667
2010,Alameda,DV,41.2133333333333
2010,Alameda,FR,24.1481982352941
2010,Alameda,HF,13.6696449197861
2010,Alameda,HR,50.7567567567568
2010,Alameda,IV,49.6694270833333
2010,Alameda,LPC,7.15959542857143
2010,Alameda,MLP,482678.526041667
2010,Alameda,MLPSF,310.490757689477
2010,Alameda,MPC,6.63338154981354
2010,Alameda,MSP,462510.202331515
2010,Alameda,MSPSF,303.755989674785
2010,Alameda,MT,497858.333333333
2010,Alameda,MVSF,324.838541666667
2010,Alameda,PRR,19.7177083333333
2010,Alameda,RAH,2036
2010,Alameda,RMP,1464.59459459459
2010,Alameda,RZSF,1.4045625
2010,Alameda,SF,532100
2010,Alameda,SFG,70.2517202312139
2010,Alameda,SFL,29.7482797687861
2010,Alameda,SLPR,0.992716610163949
2010,Alameda,SPY,4.77003489583333
2010,Alameda,TT,811172.619047619
2010,Contra Costa,2B,333740.416666667
2010,Contra Costa,3B,458010.317460317
2010,Contra Costa,4B,583598.412698413
2010,Contra Costa,A,505295.454545455
2010,Contra Costa,BT,247631.25
2010,Contra Costa,DV,43.5105
2010,Contra Costa,FR,29.6217561946903
2010,Contra Costa,HF,16.9086795833333
2010,Contra Costa,HR,38.3888888888889
2010,Contra Costa,IV,47.8466666666667
2010,Contra Costa,LPC,8.13364978354978
2010,Contra Costa,MLP,504090.972222222
2010,Contra Costa,MLPSF,249.504532590031
2010,Contra Costa,MPC,6.99853642445879
2010,Contra Costa,MSP,467621.289560096
2010,Contra Costa,MSPSF,248.430015663375
2010,Contra Costa,MT,506000.396825397
2010,Contra Costa,MVSF,261.420454545455
2010,Contra Costa,PRR,17.1219047619048
2010,Contra Costa,RAH,2230.07142857143
2010,Contra Costa,RMP,1476.90740740741
2010,Contra Costa,RZSF,1.25385714285714
2010,Contra Costa,SF,530795.075757576
2010,Contra Costa,SFG,63.3888813084112
2010,Contra Costa,SFL,36.6111186915888
2010,Contra Costa,SLPR,0.987321986345265
2010,Contra Costa,SPY,5.74090875
2010,Contra Costa,TT,760242.1875
2010,Marin,2B,611039.583333333
2010,Marin,3B,838527.083333333
2010,Marin,4B,1165930.20833333
2010,Marin,A,843551.041666667
2010,Marin,BT,256340.476190476
2010,Marin,DV,55.3821875
2010,Marin,FR,13.6213
2010,Marin,HF,6.19163636363636
2010,Marin,HR,20.6666666666667
2010,Marin,IV,34.4995833333333
2010,Marin,LPC,10.6930852272727
2010,Marin,MLP,975180.729166667
2010,Marin,MLPSF,495.252211250246
2010,Marin,MPC,6.15144367222061
2010,Marin,MSP,783138.94706
2010,Marin,MSPSF,429.955311186212
2010,Marin,MT,557137.5
2010,Marin,MVSF,473.760416666667
2010,Marin,PRR,20.78375
2010,Marin,RAH,3202.9375
2010,Marin,RMP,2238.08333333333
2010,Marin,RZSF,1.826
2010,Marin,SF,942423.958333333
2010,Marin,SFG,78.1956333333333
2010,Marin,SFL,22.1937303571429
2010,Marin,SLPR,0.965248108940742
2010,Marin,SPY,3.649015625
2010,Marin,TT,999902.083333333
2010,Napa,2B,411112.5
2010,Napa,3B,511095.833333333
2010,Napa,4B,1147731.25
2010,Napa,A,516945.833333333
2010,Napa,BT,295913.888888889
2010,Napa,DV,78.9495833333333
2010,Napa,FR,37.4370666666667
2010,Napa,HF,21.8055833333333
2010,Napa,HR,25.2
2010,Napa,IV,14.5070833333333
2010,Napa,LPC,8.22597575757576
2010,Napa,MLP,588158.333333333
2010,Napa,MLPSF,262.203219851902
2010,Napa,MPC,5.78180100366143
2010,Napa,MSP,342781.25
2010,Napa,MSPSF,189.922733333333
2010,Napa,MT,354664.583333333
2010,Napa,MVSF,315.229166666667
2010,Napa,PRR,17.44
2010,Napa,RAH,1825.66666666667
2010,Napa,RMP,3732.35294117647
2010,Napa,RZSF,1.158
2010,Napa,SF,532568.75
2010,Napa,SFG,59.5869875
2010,Napa,SFL,40.4130125
2010,Napa,SLPR,0.9913
2010,Napa,SPY,6.48990416666667
2010,Napa,TT,682895.833333333
2010,Sacramento,2B,133319.444444444
2010,Sacramento,3B,226272.619047619
2010,Sacramento,4B,301415.476190476
2010,Sacramento,A,236904.166666667
2010,Sacramento,BT,145634.166666667
2010,Sacramento,DV,65.3169642857143
2010,Sacramento,FR,41.8095841463415
2010,Sacramento,HF,24.808018452381
2010,Sacramento,HR,49.2368421052632
2010,Sacramento,IV,25.7564880952381
2010,Sacramento,LPC,6.33776013071895
2010,Sacramento,MLP,211395.089285714
2010,Sacramento,MLPSF,127.740897499614
2010,Sacramento,MPC,8.02459108797343
2010,Sacramento,MSP,213061.793923179
2010,Sacramento,MSPSF,131.247225525754
2010,Sacramento,MT,238173.484848485
2010,Sacramento,MVSF,133.970238095238
2010,Sacramento,PRR,13.0578571428571
2010,Sacramento,RAH,1425.03571428571
2010,Sacramento,RMP,1360.45833333333
2010,Sacramento,RZSF,0.852642857142857
2010,Sacramento,SF,266176.19047619
2010,Sacramento,SFG,59.4863315436242
2010,Sacramento,SFL,40.5136684563758
2010,Sacramento,SLPR,0.986441430639257
2010,Sacramento,SPY,6.34599702380952
2010,Sacramento,TT,383674.305555556
2010,San Francisco,2B,676175
2010,San Francisco,3B,796333.333333333
2010,San Francisco,4B,923233.333333333
2010,San Francisco,A,698041.666666667
2010,San Francisco,BT,360016.666666667
2010,San Francisco,DV,46.0808333333333
2010,San Francisco,FR,9.6357
2010,San Francisco,HF,6.7732
2010,San Francisco,HR,174.545454545455
2010,San Francisco,IV,43.9366666666667
2010,San Francisco,LPC,9.50293636363636
2010,San Francisco,MLP,745416.666666667
2010,San Francisco,MLPSF,587.820851694571
2010,San Francisco,MPC,5.85917390204668
2010,San Francisco,MSP,703872.916666667
2010,San Francisco,MSPSF,571.629116666667
2010,San Francisco,MT,536450
2010,San Francisco,MVSF,542.833333333333
2010,San Francisco,PRR,18.7833333333333
2010,San Francisco,RAH,2993
2010,San Francisco,RMP,3022.72727272727
2010,San Francisco,RZSF,2.242
2010,San Francisco,SF,711350
2010,San Francisco,SFG,92.5616916666667
2010,San Francisco,SFL,7.43830833333333
2010,San Francisco,SLPR,0.991091666666667
2010,San Francisco,SPY,4.18696666666667
2010,San Francisco,TT,822575
2010,San Mateo,2B,509680.729166667
2010,San Mateo,3B,773742.708333333
2010,San Mateo,4B,1022878.125
2010,San Mateo,A,799647.916666667
2010,San Mateo,BT,307276.388888889
2010,San Mateo,DV,49.9195555555556
2010,San Mateo,FR,17.0907986928105
2010,San Mateo,HF,7.60525465116279
2010,San Mateo,HR,22.6153846153846
2010,San Mateo,IV,38.7168888888889
2010,San Mateo,LPC,9.06718238636364
2010,San Mateo,MLP,765826.734375
2010,San Mateo,MLPSF,451.570987216973
2010,San Mateo,MPC,5.58936773422569
2010,San Mateo,MSP,740837.185890566
2010,San Mateo,MSPSF,460.030201845515
2010,San Mateo,MT,509573.4375
2010,San Mateo,MVSF,464.755208333333
2010,San Mateo,PRR,20.779375
2010,San Mateo,RAH,2929.09375
2010,San Mateo,RMP,1936.65
2010,San Mateo,RZSF,1.8578125
2010,San Mateo,SF,829320.833333333
2010,San Mateo,SFG,75.8827198795181
2010,San Mateo,SFL,24.1172801204819
2010,San Mateo,SLPR,0.985566447736902
2010,San Mateo,SPY,4.07534611111111
2010,San Mateo,TT,978612.777777778
2011,Alameda,2B,338155.555555556
2011,Alameda,3B,491738.020833333
2011,Alameda,4B,626345.833333333
2011,Alameda,A,475188.541666667
2011,Alameda,BT,261028.125
2011,Alameda,DV,79.7282291666667
2011,Alameda,FR,25.963973255814
2011,Alameda,HF,12.3499114130435
2011,Alameda,HR,92.2874251497006
2011,Alameda,IV,13.4515104166667
2011,Alameda,LPC,7.87538854166667
2011,Alameda,MLP,461058.479166667
2011,Alameda,MLPSF,291.66128046752
2011,Alameda,MPC,7.03421639052873
2011,Alameda,MSP,438447.290253416
2011,Alameda,MSPSF,278.792384213173
2011,Alameda,MT,466260.9375
2011,Alameda,MVSF,304.526041666667
2011,Alameda,PRR,17.9765625
2011,Alameda,RAH,2069.796875
2011,Alameda,RMP,1613.70658682635
2011,Alameda,RZSF,1.42798958333333
2011,Alameda,SF,504211.979166667
2011,Alameda,SFG,66.2298222891566
2011,Alameda,SFL,34.158987195122
2011,Alameda,SLPR,0.983053660560496
2011,Alameda,SPY,4.66767604166667
2011,Alameda,TT,774789.880952381
2011,Contra Costa,2B,302250
2011,Contra Costa,3B,429382.53968254
2011,Contra Costa,4B,551579.761904762
2011,Contra Costa,A,474085.606060606
2011,Contra Costa,BT,222104.583333333
2011,Contra Costa,DV,83.9215416666667
2011,Contra Costa,FR,31.3614597345133
2011,Contra Costa,HF,15.5330075949367
2011,Contra Costa,HR,55.38
2011,Contra Costa,IV,10.0902916666667
2011,Contra Costa,LPC,9.09549404761905
2011,Contra Costa,MLP,468208.46031746
2011,Contra Costa,MLPSF,232.95178467091
2011,Contra Costa,MPC,7.04967196151314
2011,Contra Costa,MSP,442320.991341827
2011,Contra Costa,MSPSF,232.506337587092
2011,Contra Costa,MT,464065.476190476
2011,Contra Costa,MVSF,244.583333333333
2011,Contra Costa,PRR,15.4245634920635
2011,Contra Costa,RAH,2335.51984126984
2011,Contra Costa,RMP,2014.18316831683
2011,Contra Costa,RZSF,1.2958253968254
2011,Contra Costa,SF,500289.015151515
2011,Contra Costa,SFG,60.9051179245283
2011,Contra Costa,SFL,39.0948820754717
2011,Contra Costa,SLPR,0.979135736575494
2011,Contra Costa,SPY,5.50825916666667
2011,Contra Costa,TT,720966.145833333
2011,Marin,2B,561568.75
2011,Marin,3B,797997.916666667
2011,Marin,4B,1087491.66666667
2011,Marin,A,801246.875
2011,Marin,BT,233303.571428571
2011,Marin,DV,73.7970833333333
2011,Marin,FR,15.2114327586207
2011,Marin,HF,5.79271585365854
2011,Marin,HR,45.7230769230769
2011,Marin,IV,18.4295833333333
2011,Marin,LPC,10.632915625
2011,Marin,MLP,881268.75
2011,Marin,MLPSF,470.258196761031
2011,Marin,MPC,6.63603725738403
2011,Marin,MSP,744827.74688
2011,Marin,MSPSF,391.531135115934
2011,Marin,MT,506523.958333333
2011,Marin,MVSF,446.177083333333
2011,Marin,PRR,20.1039583333333
2011,Marin,RAH,3228.84375
2011,Marin,RMP,2715.53731343284
2011,Marin,RZSF,1.83610416666667
2011,Marin,SF,894845.833333333
2011,Marin,SFG,86.5999907692308
2011,Marin,SFL,16.1229471698113
2011,Marin,SLPR,0.969100893095628
2011,Marin,SPY,3.90612916666667
2011,Marin,TT,950215.625
2011,Napa,2B,382370.833333333
2011,Napa,3B,459358.333333333
2011,Napa,4B,1125489.58333333
2011,Napa,A,471758.333333333
2011,Napa,BT,281172.222222222
2011,Napa,DV,80.7208333333333
2011,Napa,FR,36.5393291666667
2011,Napa,HF,19.2779583333333
2011,Napa,HR,38.5833333333333
2011,Napa,IV,12.9808333333333
2011,Napa,LPC,9.20716388888889
2011,Napa,MLP,517044.444444444
2011,Napa,MLPSF,248.454766360757
2011,Napa,MPC,6.99677209351921
2011,Napa,MSP,318704.956809091
2011,Napa,MSPSF,179.999413636364
2011,Napa,MT,330893.75
2011,Napa,MVSF,293.916666666667
2011,Napa,PRR,15.5954285714286
2011,Napa,RAH,2006.77777777778
2011,Napa,RMP,4084.76470588235
2011,Napa,RZSF,1.25766666666667
2011,Napa,SF,485597.916666667
2011,Napa,SFG,53.4491727272727
2011,Napa,SFL,46.5508272727273
2011,Napa,SLPR,0.980868181818182
2011,Napa,SPY,6.17914583333333
2011,Napa,TT,619341.666666667
2011,Sacramento,2B,116988.888888889
2011,Sacramento,3B,201525
2011,Sacramento,4B,270768.452380952
2011,Sacramento,A,210313.69047619
2011,Sacramento,BT,128225
2011,Sacramento,DV,89.8102380952381
2011,Sacramento,FR,44.5669363636364
2011,Sacramento,HF,23.5530279761905
2011,Sacramento,HR,106.130136986301
2011,Sacramento,IV,6.79738095238095
2011,Sacramento,LPC,8.45619583333333
2011,Sacramento,MLP,181213.630952381
2011,Sacramento,MLPSF,112.141128413695
2011,Sacramento,MPC,7.9334062227862
2011,Sacramento,MSP,193331.008871053
2011,Sacramento,MSPSF,116.874501570485
2011,Sacramento,MT,212509.848484848
2011,Sacramento,MVSF,119.267857142857
2011,Sacramento,PRR,11.5307142857143
2011,Sacramento,RAH,1423.20238095238
2011,Sacramento,RMP,1167.30201342282
2011,Sacramento,RZSF,0.875404761904762
2011,Sacramento,SF,238482.142857143
2011,Sacramento,SFG,55.4333657894737
2011,Sacramento,SFL,44.5666342105263
2011,Sacramento,SLPR,0.980014049233187
2011,Sacramento,SPY,6.48144166666667
2011,Sacramento,TT,347004.861111111
2011,San Francisco,2B,651200
2011,San Francisco,3B,775583.333333333
2011,San Francisco,4B,891491.666666667
2011,San Francisco,A,673750
2011,San Francisco,BT,333516.666666667
2011,San Francisco,DV,68.1058333333333
2011,San Francisco,FR,9.699175
2011,San Francisco,HF,6.09109166666667
2011,San Francisco,HR,906.75
2011,San Francisco,IV,23.7575
2011,San Francisco,LPC,8.38750833333333
2011,San Francisco,MLP,689500
2011,San Francisco,MLPSF,560.936005741969
2011,San Francisco,MPC,5.99874672616037
2011,San Francisco,MSP,668733.333333333
2011,San Francisco,MSPSF,546.432183333333
2011,San Francisco,MT,509391.666666667
2011,San Francisco,MVSF,521.75
2011,San Francisco,PRR,20.4691666666667
2011,San Francisco,RAH,2720.58333333333
2011,San Francisco,RMP,2715.41666666667
2011,San Francisco,RZSF,2.061
2011,San Francisco,SF,682416.666666667
2011,San Francisco,SFG,85.7033166666667
2011,San Francisco,SFL,14.2966833333333
2011,San Francisco,SLPR,0.988233333333333
2011,San Francisco,SPY,4.12126666666667
2011,San Francisco,TT,804708.333333333
2011,San Mateo,2B,486639.583333333
2011,San Mateo,3B,752913.541666667
2011,San Mateo,4B,994030.208333333
2011,San Mateo,A,779986.979166667
2011,San Mateo,BT,280465.277777778
2011,San Mateo,DV,73.328
2011,San Mateo,FR,16.7003685534591
2011,San Mateo,HF,6.70660470588235
2011,San Mateo,HR,36.2684563758389
2011,San Mateo,IV,18.3348888888889
2011,San Mateo,LPC,8.8418453125
2011,San Mateo,MLP,802842.5625
2011,San Mateo,MLPSF,444.843397978209
2011,San Mateo,MPC,5.69823189740076
2011,San Mateo,MSP,763214.032701227
2011,San Mateo,MSPSF,490.114538501014
2011,San Mateo,MT,475447.916666667
2011,San Mateo,MVSF,450.635416666667
2011,San Mateo,PRR,19.35375
2011,San Mateo,RAH,3096.52604166667
2011,San Mateo,RMP,2258.03225806452
2011,San Mateo,RZSF,1.94427083333333
2011,San Mateo,SF,809909.375
2011,San Mateo,SFG,73.2272590062112
2011,San Mateo,SFL,26.7727409937888
2011,San Mateo,SLPR,0.978841455625686
2011,San Mateo,SPY,4.09886444444444
2011,San Mateo,TT,955258.888888889
2012,Alameda,2B,346150
2012,Alameda,3B,504195.3125
2012,Alameda,4B,646589.0625
2012,Alameda,A,490082.8125
2012,Alameda,BT,263068.229166667
2012,Alameda,DV,33.0897395833333
2012,Alameda,FR,18.7983606936416
2012,Alameda,HF,8.03512582417582
2012,Alameda,HR,174.050561797753
2012,Alameda,IV,59.2967708333333
2012,Alameda,LPC,4.0877296875
2012,Alameda,MLP,467321.026041667
2012,Alameda,MLPSF,299.535309086368
2012,Alameda,MPC,5.74917749894298
2012,Alameda,MSP,433347.380214375
2012,Alameda,MSPSF,280.060185790071
2012,Alameda,MT,483912.5
2012,Alameda,MVSF,313.526041666667
2012,Alameda,PRR,16.91828125
2012,Alameda,RAH,2238.66145833333
2012,Alameda,RMP,1703.87078651685
2012,Alameda,RZSF,1.52846875
2012,Alameda,SF,524616.145833333
2012,Alameda,SFG,66.2793642458101
2012,Alameda,SFL,33.7206357541899
2012,Alameda,SLPR,1.00671112258593
2012,Alameda,SPY,4.7423609375
2012,Alameda,TT,806448.214285714
2012,Contra Costa,2B,307594.166666667
2012,Contra Costa,3B,435503.968253968
2012,Contra Costa,4B,558638.492063492
2012,Contra Costa,A,483646.212121212
2012,Contra Costa,BT,222585
2012,Contra Costa,DV,33.3765
2012,Contra Costa,FR,21.740125974026
2012,Contra Costa,HF,9.72097564102564
2012,Contra Costa,HR,104.086538461538
2012,Contra Costa,IV,59.0762083333333
2012,Contra Costa,LPC,4.56944563492064
2012,Contra Costa,MLP,498257.071428571
2012,Contra Costa,MLPSF,244.49543639409
2012,Contra Costa,MPC,6.41154572867557
2012,Contra Costa,MSP,453343.05533198
2012,Contra Costa,MSPSF,226.781148720625
2012,Contra Costa,MT,468203.968253968
2012,Contra Costa,MVSF,248.909090909091
2012,Contra Costa,PRR,14.9118253968254
2012,Contra Costa,RAH,2421.68650793651
2012,Contra Costa,RMP,2039.11520737327
2012,Contra Costa,RZSF,1.34034126984127
2012,Contra Costa,SF,509569.696969697
2012,Contra Costa,SFG,61.0167104347826
2012,Contra Costa,SFL,38.9832895652174
2012,Contra Costa,SLPR,0.998759458642471
2012,Contra Costa,SPY,5.45317958333333
2012,Contra Costa,TT,731872.395833333
2012,Marin,2B,586962.5
2012,Marin,3B,834750
2012,Marin,4B,1147631.25
2012,Marin,A,839822.916666667
2012,Marin,BT,225871.428571429
2012,Marin,DV,31.9153125
2012,Marin,FR,10.3218696969697
2012,Marin,HF,4.20552676056338
2012,Marin,HR,56.7088607594937
2012,Marin,IV,59.9563541666667
2012,Marin,LPC,8.03995104166667
2012,Marin,MLP,1016615.10416667
2012,Marin,MLPSF,503.678574024122
2012,Marin,MPC,6.32207988283228
2012,Marin,MSP,751435.978916
2012,Marin,MSPSF,415.556332006495
2012,Marin,MT,521469.791666667
2012,Marin,MVSF,467.604166666667
2012,Marin,PRR,19.3752083333333
2012,Marin,RAH,3399.27083333333
2012,Marin,RMP,2752.2625
2012,Marin,RZSF,1.94854166666667
2012,Marin,SF,942361.458333333
2012,Marin,SFG,71.1293328767123
2012,Marin,SFL,28.8706671232877
2012,Marin,SLPR,0.98145819071557
2012,Marin,SPY,4.32490416666667
2012,Marin,TT,999256.25
2012,Napa,2B,384004.166666667
2012,Napa,3B,467672.916666667
2012,Napa,4B,1156952.08333333
2012,Napa,A,478141.666666667
2012,Napa,BT,268894.444444444
2012,Napa,DV,46.16625
2012,Napa,FR,25.32585
2012,Napa,HF,12.785375
2012,Napa,HR,39.7619047619048
2012,Napa,IV,45.1225
2012,Napa,LPC,4.85103888888889
2012,Napa,MLP,589988.861111111
2012,Napa,MLPSF,313.841352430991
2012,Napa,MPC,5.51755825482554
2012,Napa,MSP,333451.616982353
2012,Napa,MSPSF,197.455644636678
2012,Napa,MT,320189.583333333
2012,Napa,MVSF,298.5625
2012,Napa,PRR,14.4483333333333
2012,Napa,RAH,2098.30555555556
2012,Napa,RMP,4097.16666666667
2012,Napa,RZSF,1.29672222222222
2012,Napa,SF,490766.666666667
2012,Napa,SFG,52.2690869565217
2012,Napa,SFL,47.7309130434783
2012,Napa,SLPR,0.994494856051305
2012,Napa,SPY,6.05342916666667
2012,Napa,TT,622554.166666667
2012,Sacramento,2B,112708.333333333
2012,Sacramento,3B,205261.30952381
2012,Sacramento,4B,276094.047619048
2012,Sacramento,A,213652.380952381
2012,Sacramento,BT,126690.833333333
2012,Sacramento,DV,44.4156547619048
2012,Sacramento,FR,30.1993361445783
2012,Sacramento,HF,15.1102291666667
2012,Sacramento,HR,240.518072289157
2012,Sacramento,IV,48.2568452380952
2012,Sacramento,LPC,4.04185714285714
2012,Sacramento,MLP,189106.345238095
2012,Sacramento,MLPSF,113.473682664857
2012,Sacramento,MPC,6.57353295705862
2012,Sacramento,MSP,195242.408586486
2012,Sacramento,MSPSF,116.850075733428
2012,Sacramento,MT,214725.757575758
2012,Sacramento,MVSF,120.333333333333
2012,Sacramento,PRR,11.3750595238095
2012,Sacramento,RAH,1440.94642857143
2012,Sacramento,RMP,1115.3313253012
2012,Sacramento,RZSF,0.876059523809524
2012,Sacramento,SF,244127.380952381
2012,Sacramento,SFG,51.8123024539877
2012,Sacramento,SFL,48.1876975460123
2012,Sacramento,SLPR,0.996406511842786
2012,Sacramento,SPY,6.50554107142857
2012,Sacramento,TT,356804.861111111
2012,San Francisco,2B,685275
2012,San Francisco,3B,816300
2012,San Francisco,4B,939458.333333333
2012,San Francisco,A,707300
2012,San Francisco,BT,341500
2012,San Francisco,DV,20.8775
2012,San Francisco,FR,7.66000833333333
2012,San Francisco,HF,4.23316666666667
2012,San Francisco,HR,1916.75
2012,San Francisco,IV,73.3058333333333
2012,San Francisco,LPC,4.42374166666667
2012,San Francisco,MLP,748666.666666667
2012,San Francisco,MLPSF,603.996843275879
2012,San Francisco,MPC,5.74829283266066
2012,San Francisco,MSP,722737.5
2012,San Francisco,MSPSF,603.421683333333
2012,San Francisco,MT,531691.666666667
2012,San Francisco,MVSF,553.166666666667
2012,San Francisco,PRR,18.2266666666667
2012,San Francisco,RAH,3155
2012,San Francisco,RMP,2964.16666666667
2012,San Francisco,RZSF,2.41633333333333
2012,San Francisco,SF,709958.333333333
2012,San Francisco,SFG,79.060775
2012,San Francisco,SFL,20.939225
2012,San Francisco,SLPR,1.01385
2012,San Francisco,SPY,4.44311666666667
2012,San Francisco,TT,865400
2012,San Mateo,2B,514086.979166667
2012,San Mateo,3B,809651.041666667
2012,San Mateo,4B,1068714.0625
2012,San Mateo,A,839117.708333333
2012,San Mateo,BT,285604.861111111
2012,San Mateo,DV,21.6732222222222
2012,San Mateo,FR,13.1305838709677
2012,San Mateo,HF,4.40715059523809
2012,San Mateo,HR,94.2160493827161
2012,San Mateo,IV,72.2866666666667
2012,San Mateo,LPC,5.08193743315508
2012,San Mateo,MLP,883570.692708333
2012,San Mateo,MLPSF,475.645637120684
2012,San Mateo,MPC,5.28116018674137
2012,San Mateo,MSP,798284.708007383
2012,San Mateo,MSPSF,500.236969444381
2012,San Mateo,MT,501189.583333333
2012,San Mateo,MVSF,481.682291666667
2012,San Mateo,PRR,19.0880208333333
2012,San Mateo,RAH,3383.234375
2012,San Mateo,RMP,2350.66847826087
2012,San Mateo,RZSF,2.10071875
2012,San Mateo,SF,873311.458333333
2012,San Mateo,SFG,73.5235075581395
2012,San Mateo,SFL,26.6264526315789
2012,San Mateo,SLPR,1.00408765283378
2012,San Mateo,SPY,4.22439166666667
2012,San Mateo,TT,1027503.33333333
2013,Alameda,2B,430326.666666667
2013,Alameda,3B,605248.958333333
2013,Alameda,4B,763840.104166667
2013,Alameda,A,597331.25
2013,Alameda,BT,329753.125
2013,Alameda,DV,1.00208333333333
2013,Alameda,FR,8.72325344827586
2013,Alameda,HF,3.02189404761905
2013,Alameda,HR,163.451428571429
2013,Alameda,IV,98.6514583333333
2013,Alameda,LPC,5.31453776595745
2013,Alameda,MLP,551978.161458333
2013,Alameda,MLPSF,359.855011727125
2013,Alameda,MPC,5.76008161311446
2013,Alameda,MSP,507525.239511728
2013,Alameda,MSPSF,339.633003385018
2013,Alameda,MT,590257.8125
2013,Alameda,MVSF,380.322916666667
2013,Alameda,PRR,19.9158333333333
2013,Alameda,RAH,2339.61979166667
2013,Alameda,RMP,1876.78285714286
2013,Alameda,RZSF,1.59784375
2013,Alameda,SF,639628.645833333
2013,Alameda,SFG,81.5356289617486
2013,Alameda,SFL,18.6582198895028
2013,Alameda,SLPR,1.04604763154121
2013,Alameda,SPY,4.76149739583333
2013,Alameda,TT,945376.785714286
2013,Contra Costa,2B,371580
2013,Contra Costa,3B,518289.285714286
2013,Contra Costa,4B,657094.841269841
2013,Contra Costa,A,572714.772727273
2013,Contra Costa,BT,274708.75
2013,Contra Costa,DV,1.31915254237288
2013,Contra Costa,FR,12.0067371040724
2013,Contra Costa,HF,4.38831037735849
2013,Contra Costa,HR,103.682464454976
2013,Contra Costa,IV,98.215
2013,Contra Costa,LPC,6.46886506024096
2013,Contra Costa,MLP,596285.456349206
2013,Contra Costa,MLPSF,296.544905303836
2013,Contra Costa,MPC,5.53760944333815
2013,Contra Costa,MSP,535576.636649754
2013,Contra Costa,MSPSF,278.539916783169
2013,Contra Costa,MT,554056.349206349
2013,Contra Costa,MVSF,296.045454545455
2013,Contra Costa,PRR,17.325873015873
2013,Contra Costa,RAH,2519.39285714286
2013,Contra Costa,RMP,2064.84234234234
2013,Contra Costa,RZSF,1.39161111111111
2013,Contra Costa,SF,602095.454545455
2013,Contra Costa,SFG,77.1873891304348
2013,Contra Costa,SFL,22.9052820960699
2013,Contra Costa,SLPR,1.02943447590478
2013,Contra Costa,SPY,5.35171416666667
2013,Contra Costa,TT,830059.375
2013,Marin,2B,675907.291666667
2013,Marin,3B,951442.708333333
2013,Marin,4B,1294870.83333333
2013,Marin,A,958212.5
2013,Marin,BT,256253.571428571
2013,Marin,DV,4.81208333333333
2013,Marin,FR,6.32026274509804
2013,Marin,HF,2.72735283018868
2013,Marin,HR,47.012987012987
2013,Marin,IV,93.2382291666667
2013,Marin,LPC,8.53957708333333
2013,Marin,MLP,1181763.9375
2013,Marin,MLPSF,546.960551122163
2013,Marin,MPC,5.74406672423943
2013,Marin,MSP,827745.132061111
2013,Marin,MSPSF,473.981133679405
2013,Marin,MT,611050
2013,Marin,MVSF,530.479166666667
2013,Marin,PRR,20.2494791666667
2013,Marin,RAH,3794.41666666667
2013,Marin,RMP,3095.25301204819
2013,Marin,RZSF,2.14841666666667
2013,Marin,SF,1072642.70833333
2013,Marin,SFG,80.3159604938272
2013,Marin,SFL,19.90790125
2013,Marin,SLPR,1.00360867198231
2013,Marin,SPY,4.89789791666667
2013,Marin,TT,1135980.20833333
2013,Napa,2B,445360.416666667
2013,Napa,3B,534193.75
2013,Napa,4B,1328054.16666667
2013,Napa,A,545258.333333333
2013,Napa,BT,314277.777777778
2013,Napa,DV,4.10541666666667
2013,Napa,FR,17.0630083333333
2013,Napa,HF,5.9042625
2013,Napa,HR,54.4166666666667
2013,Napa,IV,94.5766666666667
2013,Napa,LPC,8.98774444444444
2013,Napa,MLP,622993.055555556
2013,Napa,MLPSF,322.490623046655
2013,Napa,MPC,5.1647638906171
2013,Napa,MSP,405443.9833125
2013,Napa,MSPSF,248.496399092093
2013,Napa,MT,367481.25
2013,Napa,MVSF,346.25
2013,Napa,PRR,16.5205555555556
2013,Napa,RAH,2172.44444444444
2013,Napa,RMP,3614.11111111111
2013,Napa,RZSF,1.34588888888889
2013,Napa,SF,560883.333333333
2013,Napa,SFG,70.1022565217391
2013,Napa,SFL,29.8977434782609
2013,Napa,SLPR,1.00060288138733
2013,Napa,SPY,5.45458333333333
2013,Napa,TT,701227.083333333
2013,Sacramento,2B,139062.962962963
2013,Sacramento,3B,252904.166666667
2013,Sacramento,4B,333348.214285714
2013,Sacramento,A,261514.880952381
2013,Sacramento,BT,155709.166666667
2013,Sacramento,DV,2.82389221556886
2013,Sacramento,FR,13.248317791411
2013,Sacramento,HF,6.51594523809524
2013,Sacramento,HR,283.785714285714
2013,Sacramento,IV,96.5340119760479
2013,Sacramento,LPC,9.6168497005988
2013,Sacramento,MLP,256924.154761905
2013,Sacramento,MLPSF,152.164741060324
2013,Sacramento,MPC,5.91214027747459
2013,Sacramento,MSP,242837.420227273
2013,Sacramento,MSPSF,150.238755201454
2013,Sacramento,MT,263954.545454545
2013,Sacramento,MVSF,147.142857142857
2013,Sacramento,PRR,14.0340476190476
2013,Sacramento,RAH,1466.24404761905
2013,Sacramento,RMP,1168.09523809524
2013,Sacramento,RZSF,0.890845238095238
2013,Sacramento,SF,296886.904761905
2013,Sacramento,SFG,72.07778
2013,Sacramento,SFL,27.92222
2013,Sacramento,SLPR,1.0060621969943
2013,Sacramento,SPY,6.23533273809524
2013,Sacramento,TT,421507.638888889
2013,San Francisco,2B,811600
2013,San Francisco,3B,961325
2013,San Francisco,4B,1107000
2013,San Francisco,A,837025
2013,San Francisco,BT,407183.333333333
2013,San Francisco,DV,2.09916666666667
2013,San Francisco,FR,4.55395
2013,San Francisco,HF,1.61911666666667
2013,San Francisco,HR,2099.58333333333
2013,San Francisco,IV,97.0741666666667
2013,San Francisco,LPC,4.95304166666667
2013,San Francisco,MLP,832416.666666667
2013,San Francisco,MLPSF,711.465091058456
2013,San Francisco,MPC,6.25267483759403
2013,San Francisco,MSP,829275
2013,San Francisco,MSPSF,722.139158333333
2013,San Francisco,MT,632416.666666667
2013,San Francisco,MVSF,661.75
2013,San Francisco,PRR,20.09
2013,San Francisco,RAH,3417.83333333333
2013,San Francisco,RMP,3284.66666666667
2013,San Francisco,RZSF,2.63233333333333
2013,San Francisco,SF,841900
2013,San Francisco,SFG,89.827975
2013,San Francisco,SFL,10.172025
2013,San Francisco,SLPR,1.06405
2013,San Francisco,SPY,4.84265833333333
2013,San Francisco,TT,1026191.66666667
2013,San Mateo,2B,616323.4375
2013,San Mateo,3B,970682.8125
2013,San Mateo,4B,1268111.97916667
2013,San Mateo,A,1004350
2013,San Mateo,BT,353481.944444444
2013,San Mateo,DV,1.00972067039106
2013,San Mateo,FR,7.28379147286822
2013,San Mateo,HF,2.06923615384615
2013,San Mateo,HR,67.3950617283951
2013,San Mateo,IV,98.5815083798883
2013,San Mateo,LPC,5.71626914893617
2013,San Mateo,MLP,1007241.265625
2013,San Mateo,MLPSF,550.170766845215
2013,San Mateo,MPC,5.34504081560205
2013,San Mateo,MSP,889986.022089583
2013,San Mateo,MSPSF,549.926772707167
2013,San Mateo,MT,610136.979166667
2013,San Mateo,MVSF,577.317708333333
2013,San Mateo,PRR,22.1841145833333
2013,San Mateo,RAH,3512.296875
2013,San Mateo,RMP,2488.89830508475
2013,San Mateo,RZSF,2.210875
2013,San Mateo,SF,1044696.35416667
2013,San Mateo,SFG,87.2867958823529
2013,San Mateo,SFL,13.0573351515152
2013,San Mateo,SLPR,1.04015176366377
2013,San Mateo,SPY,4.22043777777778
2013,San Mateo,TT,1213155
2014,Alameda,2B,494837.777777778
2014,Alameda,3B,668744.270833333
2014,Alameda,4B,839623.4375
2014,Alameda,A,669208.333333333
2014,Alameda,BT,395688.020833333
2014,Alameda,DV,7.97661458333333
2014,Alameda,FR,5.28626073619632
2014,Alameda,HF,1.97653719512195
2014,Alameda,HR,120.696629213483
2014,Alameda,IV,88.8797916666667
2014,Alameda,LPC,6.95811770833333
2014,Alameda,MLP,640935.385416667
2014,Alameda,MLPSF,398.359112882836
2014,Alameda,MPC,4.5257668980779
2014,Alameda,MSP,592696.13340241
2014,Alameda,MSPSF,397.976182828374
2014,Alameda,MT,656764.583333333
2014,Alameda,MVSF,428.65625
2014,Alameda,PRR,20.3265625
2014,Alameda,RAH,2607.02083333333
2014,Alameda,RMP,2096.40782122905
2014,Alameda,RZSF,1.77771875
2014,Alameda,SF,709781.770833333
2014,Alameda,SFG,89.275610326087
2014,Alameda,SFL,11.0477584269663
2014,Alameda,SLPR,1.03510502030402
2014,Alameda,SPY,4.484375
2014,Alameda,TT,1021301.19047619
2014,Contra Costa,2B,427957.083333333
2014,Contra Costa,3B,582589.285714286
2014,Contra Costa,4B,731013.492063492
2014,Contra Costa,A,642067.424242424
2014,Contra Costa,BT,335134.583333333
2014,Contra Costa,DV,8.68229166666667
2014,Contra Costa,FR,8.90187562189055
2014,Contra Costa,HF,2.4796407821229
2014,Contra Costa,HR,71.4158415841584
2014,Contra Costa,IV,88.1912083333333
2014,Contra Costa,LPC,9.77854701195219
2014,Contra Costa,MLP,644785.21031746
2014,Contra Costa,MLPSF,320.747174095011
2014,Contra Costa,MPC,4.5031582264302
2014,Contra Costa,MSP,619960.650479343
2014,Contra Costa,MSPSF,325.045803714496
2014,Contra Costa,MT,618231.349206349
2014,Contra Costa,MVSF,334.579545454545
2014,Contra Costa,PRR,18.5555158730159
2014,Contra Costa,RAH,2679.26984126984
2014,Contra Costa,RMP,2299.96330275229
2014,Contra Costa,RZSF,1.48671428571429
2014,Contra Costa,SF,673346.212121212
2014,Contra Costa,SFG,87.1644604347826
2014,Contra Costa,SFL,12.9321048245614
2014,Contra Costa,SLPR,1.01288859499505
2014,Contra Costa,SPY,4.74292083333333
2014,Contra Costa,TT,894792.708333333
2014,Marin,2B,751144.791666667
2014,Marin,3B,1049985.41666667
2014,Marin,4B,1449341.66666667
2014,Marin,A,1064658.33333333
2014,Marin,BT,299232.142857143
2014,Marin,DV,13.5929166666667
2014,Marin,FR,4.03296666666667
2014,Marin,HF,1.16744594594595
2014,Marin,HR,43.433734939759
2014,Marin,IV,81.8782291666667
2014,Marin,LPC,9.79549375
2014,Marin,MLP,1154185.3125
2014,Marin,MLPSF,586.429722207911
2014,Marin,MPC,5.37135698126709
2014,Marin,MSP,985018.521589583
2014,Marin,MSPSF,547.695354520242
2014,Marin,MT,677968.75
2014,Marin,MVSF,594.0625
2014,Marin,PRR,20.1109375
2014,Marin,RAH,4266.72916666667
2014,Marin,RMP,3407.28235294118
2014,Marin,RZSF,2.403625
2014,Marin,SF,1190727.08333333
2014,Marin,SFG,87.1802746666667
2014,Marin,SFL,13.0933917808219
2014,Marin,SLPR,0.99993163707945
2014,Marin,SPY,4.88872916666667
2014,Marin,TT,1253764.58333333
2014,Napa,2B,470672.916666667
2014,Napa,3B,582706.25
2014,Napa,4B,1490556.25
2014,Napa,A,590045.833333333
2014,Napa,BT,373644.444444444
2014,Napa,DV,7.15291666666667
2014,Napa,FR,11.8801043478261
2014,Napa,HF,2.27143333333333
2014,Napa,HR,59.6666666666667
2014,Napa,IV,90.7608333333333
2014,Napa,LPC,11.8661833333333
2014,Napa,MLP,584478.972222222
2014,Napa,MLPSF,321.828498535245
2014,Napa,MPC,4.40366031436033
2014,Napa,MSP,455528.91996875
2014,Napa,MSPSF,287.594677999734
2014,Napa,MT,414658.333333333
2014,Napa,MVSF,374.75
2014,Napa,PRR,16.8588888888889
2014,Napa,RAH,2330.16666666667
2014,Napa,RMP,4297.19444444444
2014,Napa,RZSF,1.46233333333333
2014,Napa,SF,607400
2014,Napa,SFG,83.0932315789474
2014,Napa,SFL,17.8460333333333
2014,Napa,SLPR,0.993912486761746
2014,Napa,SPY,4.23235416666667
2014,Napa,TT,751397.916666667
2014,Sacramento,2B,163125.925925926
2014,Sacramento,3B,282500.595238095
2014,Sacramento,4B,364020.833333333
2014,Sacramento,A,291439.880952381
2014,Sacramento,BT,188778.333333333
2014,Sacramento,DV,13.9108928571429
2014,Sacramento,FR,11.0696690909091
2014,Sacramento,HF,4.3575505952381
2014,Sacramento,HR,160.839285714286
2014,Sacramento,IV,82.3541071428571
2014,Sacramento,LPC,14.2821577380952
2014,Sacramento,MLP,288481.398809524
2014,Sacramento,MLPSF,169.263169151667
2014,Sacramento,MPC,4.62576889077158
2014,Sacramento,MSP,271783.878981046
2014,Sacramento,MSPSF,168.672713266368
2014,Sacramento,MT,294731.818181818
2014,Sacramento,MVSF,165.446428571429
2014,Sacramento,PRR,15.4194047619048
2014,Sacramento,RAH,1524.57142857143
2014,Sacramento,RMP,1276.1369047619
2014,Sacramento,RZSF,0.925630952380952
2014,Sacramento,SF,327089.285714286
2014,Sacramento,SFG,82.4520491017964
2014,Sacramento,SFL,17.5479508982036
2014,Sacramento,SLPR,0.991904225352113
2014,Sacramento,SPY,5.46407321428571
2014,Sacramento,TT,448525.694444444
2014,San Francisco,2B,926400
2014,San Francisco,3B,1102650
2014,San Francisco,4B,1289075
2014,San Francisco,A,951108.333333333
2014,San Francisco,BT,511233.333333333
2014,San Francisco,DV,8.47833333333333
2014,San Francisco,FR,2.43604166666667
2014,San Francisco,HF,0.825391666666667
2014,San Francisco,HR,2160.33333333333
2014,San Francisco,IV,88.5375
2014,San Francisco,LPC,4.95921666666667
2014,San Francisco,MLP,904083.333333333
2014,San Francisco,MLPSF,777.225484697212
2014,San Francisco,MPC,6.58515374454409
2014,San Francisco,MSP,955633.333333333
2014,San Francisco,MSPSF,835.33455
2014,San Francisco,MT,719500
2014,San Francisco,MVSF,758.75
2014,San Francisco,PRR,20.7091666666667
2014,San Francisco,RAH,3750
2014,San Francisco,RMP,3706.58333333333
2014,San Francisco,RZSF,2.9195
2014,San Francisco,SF,949383.333333333
2014,San Francisco,SFG,94.8097583333333
2014,San Francisco,SFL,5.19024166666667
2014,San Francisco,SLPR,1.08668333333333
2014,San Francisco,SPY,4.28481666666667
2014,San Francisco,TT,1182983.33333333
2014,San Mateo,2B,709014.583333333
2014,San Mateo,3B,1087873.95833333
2014,San Mateo,4B,1409903.64583333
2014,San Mateo,A,1128848.95833333
2014,San Mateo,BT,426129.861111111
2014,San Mateo,DV,7.15005555555556
2014,San Mateo,FR,5.1355775
2014,San Mateo,HF,1.49592197802198
2014,San Mateo,HR,65.2822085889571
2014,San Mateo,IV,89.4118333333333
2014,San Mateo,LPC,5.64425319148936
2014,San Mateo,MLP,1104973.31770833
2014,San Mateo,MLPSF,621.509283544959
2014,San Mateo,MPC,4.93835044107657
2014,San Mateo,MSP,1012866.99860132
2014,San Mateo,MSPSF,631.191654649514
2014,San Mateo,MT,696908.333333333
2014,San Mateo,MVSF,653.177083333333
2014,San Mateo,PRR,22.39765625
2014,San Mateo,RAH,3902.28645833333
2014,San Mateo,RMP,2906.58288770053
2014,San Mateo,RZSF,2.45607291666667
2014,San Mateo,SF,1173603.125
2014,San Mateo,SFG,92.7764639534884
2014,San Mateo,SFL,8.04422828947368
2014,San Mateo,SLPR,1.03940876966179
2014,San Mateo,SPY,4.02984611111111
2014,San Mateo,TT,1349015.55555556
